car_id,Car_Name,Class,livery_name,Roster_Name
9001,Porsche 911 GT3 Cup 3.8,Carrera Cup,Porsche 911 GT3 Cup 3.8 #00,Carrera Cup.xml
9001,Porsche 911 GT3 Cup 3.8,Carrera Cup,Porsche 911 GT3 Cup 3.8 #1,Carrera Cup.xml
9001,Porsche 911 GT3 Cup 3.8,Carrera Cup,Porsche 911 GT3 Cup 3.8 #16,Carrera Cup.xml
9001,Porsche 911 GT3 Cup 3.8,Carrera Cup,Porsche 911 GT3 Cup 3.8 #53,Carrera Cup.xml
9001,Porsche 911 GT3 Cup 3.8,Carrera Cup,Porsche 911 GT3 Cup 3.8 #55,Carrera Cup.xml
9001,Porsche 911 GT3 Cup 3.8,Carrera Cup,Porsche 911 GT3 Cup 3.8 #65,Carrera Cup.xml
9001,Porsche 911 GT3 Cup 3.8,Carrera Cup,Porsche 911 GT3 Cup 3.8 #78,Carrera Cup.xml
9001,Porsche 911 GT3 Cup 3.8,Carrera Cup,Porsche 911 GT3 Cup 3.8 #87,Carrera Cup.xml
9001,Porsche 911 GT3 Cup 3.8,Carrera Cup,Porsche 911 GT3 Cup 3.8 #911,Carrera Cup.xml
9001,Porsche 911 GT3 Cup 3.8,Carrera Cup,Porsche 911 GT3 Cup 3.8 #96,Carrera Cup.xml
9001,Porsche 911 GT3 Cup 3.8,Carrera Cup,Porsche 911 GT3 Cup 3.8 #97,Carrera Cup.xml
9001,Porsche 911 GT3 Cup 3.8,Carrera Cup,Porsche 911 GT3 Cup 3.8 #98,Carrera Cup.xml
9002,Porsche 911 GT3 Cup 4.0,Carrera Cup,Porsche 911 GT3 Cup 4.0 #14,Carrera Cup.xml
9002,Porsche 911 GT3 Cup 4.0,Carrera Cup,Porsche 911 GT3 Cup 4.0 #2,Carrera Cup.xml
9002,Porsche 911 GT3 Cup 4.0,Carrera Cup,Porsche 911 GT3 Cup 4.0 #20,Carrera Cup.xml
9002,Porsche 911 GT3 Cup 4.0,Carrera Cup,Porsche 911 GT3 Cup 4.0 #29,Carrera Cup.xml
9002,Porsche 911 GT3 Cup 4.0,Carrera Cup,Porsche 911 GT3 Cup 4.0 #34,Carrera Cup.xml
9002,Porsche 911 GT3 Cup 4.0,Carrera Cup,Porsche 911 GT3 Cup 4.0 #4,Carrera Cup.xml
9002,Porsche 911 GT3 Cup 4.0,Carrera Cup,Porsche 911 GT3 Cup 4.0 #41,Carrera Cup.xml
9002,Porsche 911 GT3 Cup 4.0,Carrera Cup,Porsche 911 GT3 Cup 4.0 #70,Carrera Cup.xml
9002,Porsche 911 GT3 Cup 4.0,Carrera Cup,Porsche 911 GT3 Cup 4.0 #911,Carrera Cup.xml
9002,Porsche 911 GT3 Cup 4.0,Carrera Cup,Porsche 911 GT3 Cup 4.0 #94,Carrera Cup.xml
9003,Caterham 620R,Caterham 620R,Caterham 620R - Billy Parks #24,Cat620R.xml
9003,Caterham 620R,Caterham 620R,Caterham 620R - Chris Osborne #23,Cat620R.xml
9003,Caterham 620R,Caterham 620R,Caterham 620R - Chris Shire #26,Cat620R.xml
9003,Caterham 620R,Caterham 620R,Caterham 620R - Christian Rodgers #22,Cat620R.xml
9003,Caterham 620R,Caterham 620R,Caterham 620R - Darren Phill #21,Cat620R.xml
9003,Caterham 620R,Caterham 620R,Caterham 620R - David Collins #20,Cat620R.xml
9003,Caterham 620R,Caterham 620R,Caterham 620R - Garry Berg #19,Cat620R.xml
9003,Caterham 620R,Caterham 620R,Caterham 620R - Gyda Marvik #25,Cat620R.xml
9003,Caterham 620R,Caterham 620R,Caterham 620R - Hanz Fritz #18,Cat620R.xml
9003,Caterham 620R,Caterham 620R,Caterham 620R - Jackie Logan #17,Cat620R.xml
9003,Caterham 620R,Caterham 620R,Caterham 620R - Jean Alegro #16,Cat620R.xml
9003,Caterham 620R,Caterham 620R,Caterham 620R - Jose Simon #14,Cat620R.xml
9003,Caterham 620R,Caterham 620R,Caterham 620R - Julian Rivera #13,Cat620R.xml
9003,Caterham 620R,Caterham 620R,Caterham 620R - Karl Fuller #12,Cat620R.xml
9003,Caterham 620R,Caterham 620R,Caterham 620R - Keith Blair #11,Cat620R.xml
9003,Caterham 620R,Caterham 620R,Caterham 620R - Kenneth Todd #10,Cat620R.xml
9003,Caterham 620R,Caterham 620R,Caterham 620R - Kevin Carpenter #09,Cat620R.xml
9003,Caterham 620R,Caterham 620R,Caterham 620R - Mark Blunt #08,Cat620R.xml
9003,Caterham 620R,Caterham 620R,Caterham 620R - Mark Turner #07,Cat620R.xml
9003,Caterham 620R,Caterham 620R,Caterham 620R - Melvin Morton #06,Cat620R.xml
9003,Caterham 620R,Caterham 620R,Caterham 620R - Mike Reynolds #05,Cat620R.xml
9003,Caterham 620R,Caterham 620R,Caterham 620R - Mikka Pauli #04,Cat620R.xml
9003,Caterham 620R,Caterham 620R,Caterham 620R - Rodolfo James #03,Cat620R.xml
9003,Caterham 620R,Caterham 620R,Caterham 620R - Sergio Jones #15,Cat620R.xml
9003,Caterham 620R,Caterham 620R,Caterham 620R - Tim Becker #02,Cat620R.xml
9003,Caterham 620R,Caterham 620R,Caterham 620R - Tom Keller #01,Cat620R.xml
9004,Caterham Academy,Caterham Academy,Caterham Academy - Alex Helin #52,Cat_Academy.xml
9004,Caterham Academy,Caterham Academy,Caterham Academy - Ben Gilles #05,Cat_Academy.xml
9004,Caterham Academy,Caterham Academy,Caterham Academy - Ben Gilles #35,Cat_Academy.xml
9004,Caterham Academy,Caterham Academy,Caterham Academy - Carolyn Jenners #63,Cat_Academy.xml
9004,Caterham Academy,Caterham Academy,Caterham Academy - Chris Welsh #27,Cat_Academy.xml
9004,Caterham Academy,Caterham Academy,Caterham Academy - Darin Phillips #99,Cat_Academy.xml
9004,Caterham Academy,Caterham Academy,Caterham Academy - Dave Ripley #5,Cat_Academy.xml
9004,Caterham Academy,Caterham Academy,Caterham Academy - Erick Tyler #41,Cat_Academy.xml
9004,Caterham Academy,Caterham Academy,Caterham Academy - James Birdwell #92,Cat_Academy.xml
9004,Caterham Academy,Caterham Academy,Caterham Academy - James Cassidy #37,Cat_Academy.xml
9004,Caterham Academy,Caterham Academy,Caterham Academy - Jay McDonald #35,Cat_Academy.xml
9004,Caterham Academy,Caterham Academy,Caterham Academy - Jim Elvery #03,Cat_Academy.xml
9004,Caterham Academy,Caterham Academy,Caterham Academy - John Stiles #42,Cat_Academy.xml
9004,Caterham Academy,Caterham Academy,Caterham Academy - John Timberlake #77,Cat_Academy.xml
9004,Caterham Academy,Caterham Academy,Caterham Academy - Mark Askith #12,Cat_Academy.xml
9004,Caterham Academy,Caterham Academy,Caterham Academy - Mark Roberts #02,Cat_Academy.xml
9004,Caterham Academy,Caterham Academy,Caterham Academy - Mike OReilly #33,Cat_Academy.xml
9004,Caterham Academy,Caterham Academy,Caterham Academy - Neil Connor #04,Cat_Academy.xml
9004,Caterham Academy,Caterham Academy,Caterham Academy - Omar Uppen #01,Cat_Academy.xml
9004,Caterham Academy,Caterham Academy,Caterham Academy - Paul Brady #98,Cat_Academy.xml
9004,Caterham Academy,Caterham Academy,Caterham Academy - Paul Verne #27,Cat_Academy.xml
9004,Caterham Academy,Caterham Academy,Caterham Academy - Spencer Owen #85,Cat_Academy.xml
9004,Caterham Academy,Caterham Academy,Caterham Academy - Stephen Jill #22,Cat_Academy.xml
9004,Caterham Academy,Caterham Academy,Caterham Academy - Tim Childress #00,Cat_Academy.xml
9005,Caterham Superlight,Caterham Superlight,Caterham Superlight #00,Cat_Superlight.xml
9005,Caterham Superlight,Caterham Superlight,Caterham Superlight #1,Cat_Superlight.xml
9005,Caterham Superlight,Caterham Superlight,Caterham Superlight #11,Cat_Superlight.xml
9005,Caterham Superlight,Caterham Superlight,Caterham Superlight #15,Cat_Superlight.xml
9005,Caterham Superlight,Caterham Superlight,Caterham Superlight #18,Cat_Superlight.xml
9005,Caterham Superlight,Caterham Superlight,Caterham Superlight #2,Cat_Superlight.xml
9005,Caterham Superlight,Caterham Superlight,Caterham Superlight #20,Cat_Superlight.xml
9005,Caterham Superlight,Caterham Superlight,Caterham Superlight #23,Cat_Superlight.xml
9005,Caterham Superlight,Caterham Superlight,Caterham Superlight #25,Cat_Superlight.xml
9005,Caterham Superlight,Caterham Superlight,Caterham Superlight #26,Cat_Superlight.xml
9005,Caterham Superlight,Caterham Superlight,Caterham Superlight #33,Cat_Superlight.xml
9005,Caterham Superlight,Caterham Superlight,Caterham Superlight #35,Cat_Superlight.xml
9005,Caterham Superlight,Caterham Superlight,Caterham Superlight #45,Cat_Superlight.xml
9005,Caterham Superlight,Caterham Superlight,Caterham Superlight #49,Cat_Superlight.xml
9005,Caterham Superlight,Caterham Superlight,Caterham Superlight #5,Cat_Superlight.xml
9005,Caterham Superlight,Caterham Superlight,Caterham Superlight #53,Cat_Superlight.xml
9005,Caterham Superlight,Caterham Superlight,Caterham Superlight #54,Cat_Superlight.xml
9005,Caterham Superlight,Caterham Superlight,Caterham Superlight #6,Cat_Superlight.xml
9005,Caterham Superlight,Caterham Superlight,Caterham Superlight #61 G.Zupan Skin,Cat_Superlight.xml
9005,Caterham Superlight,Caterham Superlight,Caterham Superlight #64,Cat_Superlight.xml
9005,Caterham Superlight,Caterham Superlight,Caterham Superlight #7,Cat_Superlight.xml
9005,Caterham Superlight,Caterham Superlight,Caterham Superlight #76,Cat_Superlight.xml
9005,Caterham Superlight,Caterham Superlight,Caterham Superlight #8,Cat_Superlight.xml
9005,Caterham Superlight,Caterham Superlight,Caterham Superlight #83 A.Nenes Skin,Cat_Superlight.xml
9005,Caterham Superlight,Caterham Superlight,Caterham Superlight #9,Cat_Superlight.xml
9005,Caterham Superlight,Caterham Superlight,Caterham Superlight #98,Cat_Superlight.xml
9006,Caterham Supersport,Caterham Supersport,Caterham Supersport #00,Cat_Supersport.xml
9006,Caterham Supersport,Caterham Supersport,Caterham Supersport #1,Cat_Supersport.xml
9006,Caterham Supersport,Caterham Supersport,Caterham Supersport #11,Cat_Supersport.xml
9006,Caterham Supersport,Caterham Supersport,Caterham Supersport #15,Cat_Supersport.xml
9006,Caterham Supersport,Caterham Supersport,Caterham Supersport #18,Cat_Supersport.xml
9006,Caterham Supersport,Caterham Supersport,Caterham Supersport #2,Cat_Supersport.xml
9006,Caterham Supersport,Caterham Supersport,Caterham Supersport #20,Cat_Supersport.xml
9006,Caterham Supersport,Caterham Supersport,Caterham Supersport #23,Cat_Supersport.xml
9006,Caterham Supersport,Caterham Supersport,Caterham Supersport #25,Cat_Supersport.xml
9006,Caterham Supersport,Caterham Supersport,Caterham Supersport #26,Cat_Supersport.xml
9006,Caterham Supersport,Caterham Supersport,Caterham Supersport #33,Cat_Supersport.xml
9006,Caterham Supersport,Caterham Supersport,Caterham Supersport #35,Cat_Supersport.xml
9006,Caterham Supersport,Caterham Supersport,Caterham Supersport #45,Cat_Supersport.xml
9006,Caterham Supersport,Caterham Supersport,Caterham Supersport #49,Cat_Supersport.xml
9006,Caterham Supersport,Caterham Supersport,Caterham Supersport #5,Cat_Supersport.xml
9006,Caterham Supersport,Caterham Supersport,Caterham Supersport #53,Cat_Supersport.xml
9006,Caterham Supersport,Caterham Supersport,Caterham Supersport #54,Cat_Supersport.xml
9006,Caterham Supersport,Caterham Supersport,Caterham Supersport #6,Cat_Supersport.xml
9006,Caterham Supersport,Caterham Supersport,Caterham Supersport #64,Cat_Supersport.xml
9006,Caterham Supersport,Caterham Supersport,Caterham Supersport #7,Cat_Supersport.xml
9006,Caterham Supersport,Caterham Supersport,Caterham Supersport #76,Cat_Supersport.xml
9006,Caterham Supersport,Caterham Supersport,Caterham Supersport #8,Cat_Supersport.xml
9006,Caterham Supersport,Caterham Supersport,Caterham Supersport #9,Cat_Supersport.xml
9006,Caterham Supersport,Caterham Supersport,Caterham Supersport #98,Cat_Supersport.xml
9007,Chevrolet Chevette,Copa Classic B,Chevrolet Chevette #21,CopaClassicB.xml
9007,Chevrolet Chevette,Copa Classic B,Chevrolet Chevette #28,CopaClassicB.xml
9007,Chevrolet Chevette,Copa Classic B,Chevrolet Chevette #38,CopaClassicB.xml
9007,Chevrolet Chevette,Copa Classic B,Chevrolet Chevette #4,CopaClassicB.xml
9007,Chevrolet Chevette,Copa Classic B,Chevrolet Chevette #55,CopaClassicB.xml
9007,Chevrolet Chevette,Copa Classic B,Chevrolet Chevette #56,CopaClassicB.xml
9007,Chevrolet Chevette,Copa Classic B,Chevrolet Chevette #66,CopaClassicB.xml
9007,Chevrolet Chevette,Copa Classic B,Chevrolet Chevette #8,CopaClassicB.xml
9008,Fiat Uno Classic B,Copa Classic B,Uno Classic B #11,CopaClassicB.xml
9008,Fiat Uno Classic B,Copa Classic B,Uno Classic B #13,CopaClassicB.xml
9008,Fiat Uno Classic B,Copa Classic B,Uno Classic B #14,CopaClassicB.xml
9008,Fiat Uno Classic B,Copa Classic B,Uno Classic B #15,CopaClassicB.xml
9008,Fiat Uno Classic B,Copa Classic B,Uno Classic B #39,CopaClassicB.xml
9008,Fiat Uno Classic B,Copa Classic B,Uno Classic B #87,CopaClassicB.xml
9009,MINI Cooper S 1965 B,Copa Classic B,MINI Cooper S #122,CopaClassicB.xml
9009,MINI Cooper S 1965 B,Copa Classic B,MINI Cooper S #99,CopaClassicB.xml
9010,Puma GTE,Copa Classic B,Puma GTE #100,CopaClassicB.xml
9010,Puma GTE,Copa Classic B,Puma GTE #16,CopaClassicB.xml
9010,Puma GTE,Copa Classic B,Puma GTE #25,CopaClassicB.xml
9010,Puma GTE,Copa Classic B,Puma GTE #3,CopaClassicB.xml
9010,Puma GTE,Copa Classic B,Puma GTE #48,CopaClassicB.xml
9010,Puma GTE,Copa Classic B,Puma GTE #57,CopaClassicB.xml
9010,Puma GTE,Copa Classic B,Puma GTE #7,CopaClassicB.xml
9010,Puma GTE,Copa Classic B,Puma GTE #79,CopaClassicB.xml
9011,Volkswagen Gol Classic B,Copa Classic B,Gol Classic B #18,CopaClassicB.xml
9011,Volkswagen Gol Classic B,Copa Classic B,Gol Classic B #19,CopaClassicB.xml
9011,Volkswagen Gol Classic B,Copa Classic B,Gol Classic B #36,CopaClassicB.xml
9011,Volkswagen Gol Classic B,Copa Classic B,Gol Classic B #37,CopaClassicB.xml
9011,Volkswagen Gol Classic B,Copa Classic B,Gol Classic B #6,CopaClassicB.xml
9011,Volkswagen Gol Classic B,Copa Classic B,Gol Classic B #65,CopaClassicB.xml
9011,Volkswagen Gol Classic B,Copa Classic B,Gol Classic B #7,CopaClassicB.xml
9011,Volkswagen Gol Classic B,Copa Classic B,Gol Classic B #95,CopaClassicB.xml
9012,Volkswagen Passat Classic B,Copa Classic B,Passat Classic B #10,CopaClassicB.xml
9012,Volkswagen Passat Classic B,Copa Classic B,Passat Classic B #118,CopaClassicB.xml
9012,Volkswagen Passat Classic B,Copa Classic B,Passat Classic B #2,CopaClassicB.xml
9012,Volkswagen Passat Classic B,Copa Classic B,Passat Classic B #3,CopaClassicB.xml
9012,Volkswagen Passat Classic B,Copa Classic B,Passat Classic B #5,CopaClassicB.xml
9012,Volkswagen Passat Classic B,Copa Classic B,Passat Classic B #57,CopaClassicB.xml
9012,Volkswagen Passat Classic B,Copa Classic B,Passat Classic B #69,CopaClassicB.xml
9012,Volkswagen Passat Classic B,Copa Classic B,Passat Classic B #9,CopaClassicB.xml
9013,Puma GTB,Copa Classic FL,Puma GTB #25,CopaClassicFL.xml
9013,Puma GTB,Copa Classic FL,Puma GTB #4,CopaClassicFL.xml
9013,Puma GTB,Copa Classic FL,Puma GTB #52,CopaClassicFL.xml
9013,Puma GTB,Copa Classic FL,Puma GTB #92,CopaClassicFL.xml
9013,Puma GTB,Copa Classic FL,Puma GTB #93,CopaClassicFL.xml
9013,Puma GTB,Copa Classic FL,Puma GTB #94,CopaClassicFL.xml
9014,Volkswagen Fusca Classic FL,Copa Classic FL,Fusca Classic FL #12,CopaClassicFL.xml
9014,Volkswagen Fusca Classic FL,Copa Classic FL,Fusca Classic FL #13,CopaClassicFL.xml
9014,Volkswagen Fusca Classic FL,Copa Classic FL,Fusca Classic FL #56,CopaClassicFL.xml
9014,Volkswagen Fusca Classic FL,Copa Classic FL,Fusca Classic FL #57,CopaClassicFL.xml
9014,Volkswagen Fusca Classic FL,Copa Classic FL,Fusca Classic FL #8,CopaClassicFL.xml
9014,Volkswagen Fusca Classic FL,Copa Classic FL,Fusca Classic FL #9,CopaClassicFL.xml
9015,Volkswagen Gol Classic FL,Copa Classic FL,Gol Classic FL #27,CopaClassicFL.xml
9015,Volkswagen Gol Classic FL,Copa Classic FL,Gol Classic FL #28,CopaClassicFL.xml
9015,Volkswagen Gol Classic FL,Copa Classic FL,Gol Classic FL #33,CopaClassicFL.xml
9015,Volkswagen Gol Classic FL,Copa Classic FL,Gol Classic FL #34,CopaClassicFL.xml
9015,Volkswagen Gol Classic FL,Copa Classic FL,Gol Classic FL #77,CopaClassicFL.xml
9015,Volkswagen Gol Classic FL,Copa Classic FL,Gol Classic FL #78,CopaClassicFL.xml
9016,Volkswagen Passat Classic FL,Copa Classic FL,Passat Classic FL #29,CopaClassicFL.xml
9016,Volkswagen Passat Classic FL,Copa Classic FL,Passat Classic FL #30,CopaClassicFL.xml
9016,Volkswagen Passat Classic FL,Copa Classic FL,Passat Classic FL #31,CopaClassicFL.xml
9016,Volkswagen Passat Classic FL,Copa Classic FL,Passat Classic FL #32,CopaClassicFL.xml
9016,Volkswagen Passat Classic FL,Copa Classic FL,Passat Classic FL #58,CopaClassicFL.xml
9016,Volkswagen Passat Classic FL,Copa Classic FL,Passat Classic FL #88,CopaClassicFL.xml
9017,Volkswagen Fusca,Copa Fusca,Copa Fusca #00 - F.Silva Skin,CopaFusca.xml
9017,Volkswagen Fusca,Copa Fusca,Copa Fusca #09 - L.Gonzaga Skin,CopaFusca.xml
9017,Volkswagen Fusca,Copa Fusca,Copa Fusca #12,CopaFusca.xml
9017,Volkswagen Fusca,Copa Fusca,Copa Fusca #14,CopaFusca.xml
9017,Volkswagen Fusca,Copa Fusca,Copa Fusca #18,CopaFusca.xml
9017,Volkswagen Fusca,Copa Fusca,Copa Fusca #20 - M.Cruz Skin,CopaFusca.xml
9017,Volkswagen Fusca,Copa Fusca,Copa Fusca #22,CopaFusca.xml
9017,Volkswagen Fusca,Copa Fusca,Copa Fusca #34,CopaFusca.xml
9017,Volkswagen Fusca,Copa Fusca,Copa Fusca #3422 - T.Emilsen Skin,CopaFusca.xml
9017,Volkswagen Fusca,Copa Fusca,Copa Fusca #36,CopaFusca.xml
9017,Volkswagen Fusca,Copa Fusca,Copa Fusca #42,CopaFusca.xml
9017,Volkswagen Fusca,Copa Fusca,Copa Fusca #44,CopaFusca.xml
9017,Volkswagen Fusca,Copa Fusca,Copa Fusca #47,CopaFusca.xml
9017,Volkswagen Fusca,Copa Fusca,Copa Fusca #52,CopaFusca.xml
9017,Volkswagen Fusca,Copa Fusca,Copa Fusca #60,CopaFusca.xml
9017,Volkswagen Fusca,Copa Fusca,Copa Fusca #61 - T.Donut Skin,CopaFusca.xml
9017,Volkswagen Fusca,Copa Fusca,Copa Fusca #7,CopaFusca.xml
9017,Volkswagen Fusca,Copa Fusca,Copa Fusca #74,CopaFusca.xml
9017,Volkswagen Fusca,Copa Fusca,Copa Fusca #77,CopaFusca.xml
9017,Volkswagen Fusca,Copa Fusca,Copa Fusca #777,CopaFusca.xml
9017,Volkswagen Fusca,Copa Fusca,Copa Fusca #8,CopaFusca.xml
9017,Volkswagen Fusca,Copa Fusca,Copa Fusca #84,CopaFusca.xml
9017,Volkswagen Fusca,Copa Fusca,Copa Fusca #88,CopaFusca.xml
9017,Volkswagen Fusca,Copa Fusca,Copa Fusca #888 - F.Goncalves Skin,CopaFusca.xml
9017,Volkswagen Fusca,Copa Fusca,Copa Fusca #98,CopaFusca.xml
9017,Volkswagen Fusca,Copa Fusca,Copa Fusca #99,CopaFusca.xml
9018,Chevrolet Montana,Copa Montana,Copa Montana #00,Montana.xml
9018,Chevrolet Montana,Copa Montana,Copa Montana #01,Montana.xml
9018,Chevrolet Montana,Copa Montana,Copa Montana #02,Montana.xml
9018,Chevrolet Montana,Copa Montana,Copa Montana #04,Montana.xml
9018,Chevrolet Montana,Copa Montana,Copa Montana #08,Montana.xml
9018,Chevrolet Montana,Copa Montana,Copa Montana #10,Montana.xml
9018,Chevrolet Montana,Copa Montana,Copa Montana #11,Montana.xml
9018,Chevrolet Montana,Copa Montana,Copa Montana #17,Montana.xml
9018,Chevrolet Montana,Copa Montana,Copa Montana #22,Montana.xml
9018,Chevrolet Montana,Copa Montana,Copa Montana #23,Montana.xml
9018,Chevrolet Montana,Copa Montana,Copa Montana #27,Montana.xml
9018,Chevrolet Montana,Copa Montana,Copa Montana #29,Montana.xml
9018,Chevrolet Montana,Copa Montana,Copa Montana #30,Montana.xml
9018,Chevrolet Montana,Copa Montana,Copa Montana #40,Montana.xml
9018,Chevrolet Montana,Copa Montana,Copa Montana #44,Montana.xml
9018,Chevrolet Montana,Copa Montana,Copa Montana #48,Montana.xml
9018,Chevrolet Montana,Copa Montana,Copa Montana #49,Montana.xml
9018,Chevrolet Montana,Copa Montana,Copa Montana #51,Montana.xml
9018,Chevrolet Montana,Copa Montana,Copa Montana #55,Montana.xml
9018,Chevrolet Montana,Copa Montana,Copa Montana #63,Montana.xml
9018,Chevrolet Montana,Copa Montana,Copa Montana #70,Montana.xml
9018,Chevrolet Montana,Copa Montana,Copa Montana #82,Montana.xml
9018,Chevrolet Montana,Copa Montana,Copa Montana #98,Montana.xml
9018,Chevrolet Montana,Copa Montana,Copa Montana #99,Montana.xml
9019,IVECO Stralis,Copa Truck,Beto Monteiro #88,CopaTruck.xml
9019,IVECO Stralis,Copa Truck,Clodoaldo Monteiro #17,CopaTruck.xml
9019,IVECO Stralis,Copa Truck,Daniel Kelemen #45,CopaTruck.xml
9019,IVECO Stralis,Copa Truck,Danilo Alamini #00,CopaTruck.xml
9019,IVECO Stralis,Copa Truck,Djalma Pivetta #21,CopaTruck.xml
9019,IVECO Stralis,Copa Truck,Felipe Giaffone #4,CopaTruck.xml
9019,IVECO Stralis,Copa Truck,Gabriel Robe #35,CopaTruck.xml
9019,IVECO Stralis,Copa Truck,Luis Lopes #99,CopaTruck.xml
9019,IVECO Stralis,Copa Truck,Luiz Carlos Zapelini #22,CopaTruck.xml
9019,IVECO Stralis,Copa Truck,Paulo Salustiano #55,CopaTruck.xml
9019,IVECO Stralis,Copa Truck,Pedro Paulo Fernandes #29,CopaTruck.xml
9019,IVECO Stralis,Copa Truck,Renato Martins #9,CopaTruck.xml
9019,IVECO Stralis,Copa Truck,Vulkan #33,CopaTruck.xml
9019,IVECO Stralis,Copa Truck,Vulkan #47,CopaTruck.xml
9019,IVECO Stralis,Copa Truck,Vulkan #83,CopaTruck.xml
9019,IVECO Stralis,Copa Truck,Vulkan #85,CopaTruck.xml
9020,MAN TGX,Copa Truck,Beto Monteiro #88,CopaTruck.xml
9020,MAN TGX,Copa Truck,Clodoaldo Monteiro #17,CopaTruck.xml
9020,MAN TGX,Copa Truck,Daniel Kelemen #45,CopaTruck.xml
9020,MAN TGX,Copa Truck,Danilo Alamini #00,CopaTruck.xml
9020,MAN TGX,Copa Truck,Djalma Pivetta #21,CopaTruck.xml
9020,MAN TGX,Copa Truck,Felipe Giaffone #4,CopaTruck.xml
9020,MAN TGX,Copa Truck,Gabriel Robe #35,CopaTruck.xml
9020,MAN TGX,Copa Truck,Luis Lopes #99,CopaTruck.xml
9020,MAN TGX,Copa Truck,Luiz Carlos Zapelini #22,CopaTruck.xml
9020,MAN TGX,Copa Truck,Paulo Salustiano #55,CopaTruck.xml
9020,MAN TGX,Copa Truck,Pedro Paulo Fernandes #29,CopaTruck.xml
9020,MAN TGX,Copa Truck,Renato Martins #9,CopaTruck.xml
9020,MAN TGX,Copa Truck,Vulkan #33,CopaTruck.xml
9020,MAN TGX,Copa Truck,Vulkan #47,CopaTruck.xml
9020,MAN TGX,Copa Truck,Vulkan #83,CopaTruck.xml
9020,MAN TGX,Copa Truck,Vulkan #85,CopaTruck.xml
9021,Mercedes-Benz Actros-2651,Copa Truck,Beto Monteiro #88,CopaTruck.xml
9021,Mercedes-Benz Actros-2651,Copa Truck,Clodoaldo Monteiro #17,CopaTruck.xml
9021,Mercedes-Benz Actros-2651,Copa Truck,Daniel Kelemen #45,CopaTruck.xml
9021,Mercedes-Benz Actros-2651,Copa Truck,Danilo Alamini #00,CopaTruck.xml
9021,Mercedes-Benz Actros-2651,Copa Truck,Djalma Pivetta #21,CopaTruck.xml
9021,Mercedes-Benz Actros-2651,Copa Truck,Felipe Giaffone #4,CopaTruck.xml
9021,Mercedes-Benz Actros-2651,Copa Truck,Gabriel Robe #35,CopaTruck.xml
9021,Mercedes-Benz Actros-2651,Copa Truck,Luis Lopes #99,CopaTruck.xml
9021,Mercedes-Benz Actros-2651,Copa Truck,Luiz Carlos Zapelini #22,CopaTruck.xml
9021,Mercedes-Benz Actros-2651,Copa Truck,Paulo Salustiano #55,CopaTruck.xml
9021,Mercedes-Benz Actros-2651,Copa Truck,Pedro Paulo Fernandes #29,CopaTruck.xml
9021,Mercedes-Benz Actros-2651,Copa Truck,Renato Martins #9,CopaTruck.xml
9021,Mercedes-Benz Actros-2651,Copa Truck,Vulkan #33,CopaTruck.xml
9021,Mercedes-Benz Actros-2651,Copa Truck,Vulkan #47,CopaTruck.xml
9021,Mercedes-Benz Actros-2651,Copa Truck,Vulkan #83,CopaTruck.xml
9021,Mercedes-Benz Actros-2651,Copa Truck,Vulkan #85,CopaTruck.xml
9022,Vulkan Truck,Copa Truck,Beto Monteiro #88,CopaTruck.xml
9022,Vulkan Truck,Copa Truck,Clodoaldo Monteiro #17,CopaTruck.xml
9022,Vulkan Truck,Copa Truck,Daniel Kelemen #45,CopaTruck.xml
9022,Vulkan Truck,Copa Truck,Danilo Alamini #00,CopaTruck.xml
9022,Vulkan Truck,Copa Truck,Djalma Pivetta #21,CopaTruck.xml
9022,Vulkan Truck,Copa Truck,Felipe Giaffone #4,CopaTruck.xml
9022,Vulkan Truck,Copa Truck,Gabriel Robe #35,CopaTruck.xml
9022,Vulkan Truck,Copa Truck,Luis Lopes #99,CopaTruck.xml
9022,Vulkan Truck,Copa Truck,Luiz Carlos Zapelini #22,CopaTruck.xml
9022,Vulkan Truck,Copa Truck,Paulo Salustiano #55,CopaTruck.xml
9022,Vulkan Truck,Copa Truck,Pedro Paulo Fernandes #29,CopaTruck.xml
9022,Vulkan Truck,Copa Truck,Renato Martins #9,CopaTruck.xml
9022,Vulkan Truck,Copa Truck,Vulkan #33,CopaTruck.xml
9022,Vulkan Truck,Copa Truck,Vulkan #47,CopaTruck.xml
9022,Vulkan Truck,Copa Truck,Vulkan #83,CopaTruck.xml
9022,Vulkan Truck,Copa Truck,Vulkan #85,CopaTruck.xml
9023,Volkswagen Constellation,Copa Truck,Beto Monteiro #88,CopaTruck.xml
9023,Volkswagen Constellation,Copa Truck,Clodoaldo Monteiro #17,CopaTruck.xml
9023,Volkswagen Constellation,Copa Truck,Daniel Kelemen #45,CopaTruck.xml
9023,Volkswagen Constellation,Copa Truck,Danilo Alamini #00,CopaTruck.xml
9023,Volkswagen Constellation,Copa Truck,Djalma Pivetta #21,CopaTruck.xml
9023,Volkswagen Constellation,Copa Truck,Felipe Giaffone #4,CopaTruck.xml
9023,Volkswagen Constellation,Copa Truck,Gabriel Robe #35,CopaTruck.xml
9023,Volkswagen Constellation,Copa Truck,Luis Lopes #99,CopaTruck.xml
9023,Volkswagen Constellation,Copa Truck,Luiz Carlos Zapelini #22,CopaTruck.xml
9023,Volkswagen Constellation,Copa Truck,Paulo Salustiano #55,CopaTruck.xml
9023,Volkswagen Constellation,Copa Truck,Pedro Paulo Fernandes #29,CopaTruck.xml
9023,Volkswagen Constellation,Copa Truck,Renato Martins #9,CopaTruck.xml
9023,Volkswagen Constellation,Copa Truck,Vulkan #33,CopaTruck.xml
9023,Volkswagen Constellation,Copa Truck,Vulkan #47,CopaTruck.xml
9023,Volkswagen Constellation,Copa Truck,Vulkan #83,CopaTruck.xml
9023,Volkswagen Constellation,Copa Truck,Vulkan #85,CopaTruck.xml
9024,Fiat Uno,Copa Uno,Copa Uno #10 - R.Radaell Skin,CopaUno.xml
9024,Fiat Uno,Copa Uno,Copa Uno #11,CopaUno.xml
9024,Fiat Uno,Copa Uno,Copa Uno #12,CopaUno.xml
9024,Fiat Uno,Copa Uno,Copa Uno #13,CopaUno.xml
9024,Fiat Uno,Copa Uno,Copa Uno #14 - H.Wirl Skin,CopaUno.xml
9024,Fiat Uno,Copa Uno,Copa Uno #15 - J.Guimaraes Skin,CopaUno.xml
9024,Fiat Uno,Copa Uno,Copa Uno #16,CopaUno.xml
9024,Fiat Uno,Copa Uno,Copa Uno #17,CopaUno.xml
9024,Fiat Uno,Copa Uno,Copa Uno #18,CopaUno.xml
9024,Fiat Uno,Copa Uno,Copa Uno #2,CopaUno.xml
9024,Fiat Uno,Copa Uno,Copa Uno #22,CopaUno.xml
9024,Fiat Uno,Copa Uno,Copa Uno #23,CopaUno.xml
9024,Fiat Uno,Copa Uno,Copa Uno #27,CopaUno.xml
9024,Fiat Uno,Copa Uno,Copa Uno #28,CopaUno.xml
9024,Fiat Uno,Copa Uno,Copa Uno #3 - C.Andre Skin,CopaUno.xml
9024,Fiat Uno,Copa Uno,Copa Uno #33,CopaUno.xml
9024,Fiat Uno,Copa Uno,Copa Uno #36,CopaUno.xml
9024,Fiat Uno,Copa Uno,Copa Uno #4,CopaUno.xml
9024,Fiat Uno,Copa Uno,Copa Uno #47,CopaUno.xml
9024,Fiat Uno,Copa Uno,Copa Uno #5,CopaUno.xml
9024,Fiat Uno,Copa Uno,Copa Uno #6,CopaUno.xml
9024,Fiat Uno,Copa Uno,Copa Uno #69,CopaUno.xml
9024,Fiat Uno,Copa Uno,Copa Uno #7 - G.Vieira Skin,CopaUno.xml
9024,Fiat Uno,Copa Uno,Copa Uno #77,CopaUno.xml
9024,Fiat Uno,Copa Uno,Copa Uno #8,CopaUno.xml
9024,Fiat Uno,Copa Uno,Copa Uno #88,CopaUno.xml
9024,Fiat Uno,Copa Uno,Copa Uno #9,CopaUno.xml
9024,Fiat Uno,Copa Uno,Copa Uno #99,CopaUno.xml
9025,Cadillac DPi-V.R,DPi,Cadillac DPi-V.R #01,DPI.xml
9025,Cadillac DPi-V.R,DPi,Cadillac DPi-V.R #02,DPI.xml
9025,Cadillac DPi-V.R,DPi,Cadillac DPi-V.R #03,DPI.xml
9025,Cadillac DPi-V.R,DPi,Cadillac DPi-V.R #04,DPI.xml
9025,Cadillac DPi-V.R,DPi,Cadillac DPi-V.R #05,DPI.xml
9025,Cadillac DPi-V.R,DPi,Cadillac DPi-V.R #06,DPI.xml
9025,Cadillac DPi-V.R,DPi,Cadillac DPi-V.R #07,DPI.xml
9025,Cadillac DPi-V.R,DPi,Cadillac DPi-V.R #08,DPI.xml
9025,Cadillac DPi-V.R,DPi,Cadillac DPi-V.R #09,DPI.xml
9025,Cadillac DPi-V.R,DPi,Cadillac DPi-V.R #10,DPI.xml
9025,Cadillac DPi-V.R,DPi,Cadillac DPi-V.R #12,DPI.xml
9025,Cadillac DPi-V.R,DPi,Cadillac DPi-V.R #17,DPI.xml
9025,Cadillac DPi-V.R,DPi,Cadillac DPi-V.R #22,DPI.xml
9025,Cadillac DPi-V.R,DPi,Cadillac DPi-V.R #43,DPI.xml
9025,Cadillac DPi-V.R,DPi,Cadillac DPi-V.R #84,DPI.xml
9025,Cadillac DPi-V.R,DPi,Cadillac DPi-V.R #86,DPI.xml
9025,Cadillac DPi-V.R,DPi,Cadillac DPi-V.R #87,DPI.xml
9026,Lola T95/00 Ford-Cosworth,Formula USA Gen 1,Lola T9500 Ford-Cosworth #20,F-USA_Gen1.xml
9026,Lola T95/00 Ford-Cosworth,Formula USA Gen 1,Lola T9500 Ford-Cosworth #22,F-USA_Gen1.xml
9026,Lola T95/00 Ford-Cosworth,Formula USA Gen 1,Lola T9500 Ford-Cosworth #3,F-USA_Gen1.xml
9026,Lola T95/00 Ford-Cosworth,Formula USA Gen 1,Lola T9500 Ford-Cosworth #54,F-USA_Gen1.xml
9026,Lola T95/00 Ford-Cosworth,Formula USA Gen 1,Lola T9500 Ford-Cosworth #6,F-USA_Gen1.xml
9027,Lola T95/00 Mercedes-Benz,Formula USA Gen 1,Lola T9500 Mercedes-Benz #10,F-USA_Gen1.xml
9027,Lola T95/00 Mercedes-Benz,Formula USA Gen 1,Lola T9500 Mercedes-Benz #11,F-USA_Gen1.xml
9027,Lola T95/00 Mercedes-Benz,Formula USA Gen 1,Lola T9500 Mercedes-Benz #14,F-USA_Gen1.xml
9027,Lola T95/00 Mercedes-Benz,Formula USA Gen 1,Lola T9500 Mercedes-Benz #55,F-USA_Gen1.xml
9027,Lola T95/00 Mercedes-Benz,Formula USA Gen 1,Lola T9500 Mercedes-Benz #60,F-USA_Gen1.xml
9027,Lola T95/00 Mercedes-Benz,Formula USA Gen 1,Lola T9500 Mercedes-Benz #80,F-USA_Gen1.xml
9027,Lola T95/00 Mercedes-Benz,Formula USA Gen 1,Lola T9500 Mercedes-Benz #9,F-USA_Gen1.xml
9028,Reynard 95i Ford-Cosworth,Formula USA Gen 1,Reynard 95i Ford-Cosworth #12,F-USA_Gen1.xml
9028,Reynard 95i Ford-Cosworth,Formula USA Gen 1,Reynard 95i Ford-Cosworth #15,F-USA_Gen1.xml
9028,Reynard 95i Ford-Cosworth,Formula USA Gen 1,Reynard 95i Ford-Cosworth #17,F-USA_Gen1.xml
9028,Reynard 95i Ford-Cosworth,Formula USA Gen 1,Reynard 95i Ford-Cosworth #25,F-USA_Gen1.xml
9028,Reynard 95i Ford-Cosworth,Formula USA Gen 1,Reynard 95i Ford-Cosworth #27,F-USA_Gen1.xml
9028,Reynard 95i Ford-Cosworth,Formula USA Gen 1,Reynard 95i Ford-Cosworth #33,F-USA_Gen1.xml
9028,Reynard 95i Ford-Cosworth,Formula USA Gen 1,Reynard 95i Ford-Cosworth #4,F-USA_Gen1.xml
9028,Reynard 95i Ford-Cosworth,Formula USA Gen 1,Reynard 95i Ford-Cosworth #5,F-USA_Gen1.xml
9028,Reynard 95i Ford-Cosworth,Formula USA Gen 1,Reynard 95i Ford-Cosworth #64,F-USA_Gen1.xml
9029,Reynard 95i Honda,Formula USA Gen 1,Reynard 95i Honda #31,F-USA_Gen1.xml
9029,Reynard 95i Honda,Formula USA Gen 1,Reynard 95i Honda #49,F-USA_Gen1.xml
9030,Reynard 95i Mercedes-Benz,Formula USA Gen 1,Reynard 95i Mercedes-Benz #1,F-USA_Gen1.xml
9030,Reynard 95i Mercedes-Benz,Formula USA Gen 1,Reynard 95i Mercedes-Benz #2,F-USA_Gen1.xml
9030,Reynard 95i Mercedes-Benz,Formula USA Gen 1,Reynard 95i Mercedes-Benz #21,F-USA_Gen1.xml
9030,Reynard 95i Mercedes-Benz,Formula USA Gen 1,Reynard 95i Mercedes-Benz #23,F-USA_Gen1.xml
9030,Reynard 95i Mercedes-Benz,Formula USA Gen 1,Reynard 95i Mercedes-Benz #8,F-USA_Gen1.xml
9031,Lola T98/00 Ford-Cosworth,Formula USA Gen 2,Lola T98 Ford-Cosworth #66,F-USA_Gen2.xml
9031,Lola T98/00 Ford-Cosworth,Formula USA Gen 2,Lola T98 Ford-Cosworth #77,F-USA_Gen2.xml
9031,Lola T98/00 Ford-Cosworth,Formula USA Gen 2,Lola T98 Ford-Cosworth #88,F-USA_Gen2.xml
9032,Reynard 98i Ford-Cosworth,Formula USA Gen 2,Reynard 98i Ford-Cosworth #19,F-USA_Gen2.xml
9032,Reynard 98i Ford-Cosworth,Formula USA Gen 2,Reynard 98i Ford-Cosworth #20,F-USA_Gen2.xml
9032,Reynard 98i Ford-Cosworth,Formula USA Gen 2,Reynard 98i Ford-Cosworth #21,F-USA_Gen2.xml
9032,Reynard 98i Ford-Cosworth,Formula USA Gen 2,Reynard 98i Ford-Cosworth #40,F-USA_Gen2.xml
9032,Reynard 98i Ford-Cosworth,Formula USA Gen 2,Reynard 98i Ford-Cosworth #41,F-USA_Gen2.xml
9032,Reynard 98i Ford-Cosworth,Formula USA Gen 2,Reynard 98i Ford-Cosworth #7,F-USA_Gen2.xml
9033,Reynard 98i Honda,Formula USA Gen 2,Reynard 98i Honda #1,F-USA_Gen2.xml
9033,Reynard 98i Honda,Formula USA Gen 2,Reynard 98i Honda #26,F-USA_Gen2.xml
9033,Reynard 98i Honda,Formula USA Gen 2,Reynard 98i Honda #27,F-USA_Gen2.xml
9033,Reynard 98i Honda,Formula USA Gen 2,Reynard 98i Honda #9,F-USA_Gen2.xml
9034,Reynard 98i Mercedes-Benz,Formula USA Gen 2,Reynard 98i Mercedes-Benz #18,F-USA_Gen2.xml
9034,Reynard 98i Mercedes-Benz,Formula USA Gen 2,Reynard 98i Mercedes-Benz #19,F-USA_Gen2.xml
9034,Reynard 98i Mercedes-Benz,Formula USA Gen 2,Reynard 98i Mercedes-Benz #98,F-USA_Gen2.xml
9034,Reynard 98i Mercedes-Benz,Formula USA Gen 2,Reynard 98i Mercedes-Benz #99,F-USA_Gen2.xml
9035,Reynard 98i Toyota,Formula USA Gen 2,Reynard 98i Toyota #22,F-USA_Gen2.xml
9035,Reynard 98i Toyota,Formula USA Gen 2,Reynard 98i Toyota #24,F-USA_Gen2.xml
9035,Reynard 98i Toyota,Formula USA Gen 2,Reynard 98i Toyota #25,F-USA_Gen2.xml
9035,Reynard 98i Toyota,Formula USA Gen 2,Reynard 98i Toyota #36,F-USA_Gen2.xml
9036,Swift 009c Ford-Cosworth,Formula USA Gen 2,Swift 009c Ford-Cosworth #00,F-USA_Gen2.xml
9036,Swift 009c Ford-Cosworth,Formula USA Gen 2,Swift 009c Ford-Cosworth #10,F-USA_Gen2.xml
9036,Swift 009c Ford-Cosworth,Formula USA Gen 2,Swift 009c Ford-Cosworth #11,F-USA_Gen2.xml
9036,Swift 009c Ford-Cosworth,Formula USA Gen 2,Swift 009c Ford-Cosworth #6,F-USA_Gen2.xml
9037,Lola B2K/00 Ford-Cosworth,Formula USA Gen 3,Lola B2K00 Ford-Cosworth #11,F-USA_Gen3.xml
9037,Lola B2K/00 Ford-Cosworth,Formula USA Gen 3,Lola B2K00 Ford-Cosworth #29,F-USA_Gen3.xml
9037,Lola B2K/00 Ford-Cosworth,Formula USA Gen 3,Lola B2K00 Ford-Cosworth #30,F-USA_Gen3.xml
9037,Lola B2K/00 Ford-Cosworth,Formula USA Gen 3,Lola B2K00 Ford-Cosworth #6,F-USA_Gen3.xml
9037,Lola B2K/00 Ford-Cosworth,Formula USA Gen 3,Lola B2K00 Ford-Cosworth #91,F-USA_Gen3.xml
9038,Lola B2K/00 Mercedes-Benz,Formula USA Gen 3,Lola B2K00 Mercedes-Benz #12,F-USA_Gen3.xml
9038,Lola B2K/00 Mercedes-Benz,Formula USA Gen 3,Lola B2K00 Mercedes-Benz #13,F-USA_Gen3.xml
9038,Lola B2K/00 Mercedes-Benz,Formula USA Gen 3,Lola B2K00 Mercedes-Benz #31,F-USA_Gen3.xml
9038,Lola B2K/00 Mercedes-Benz,Formula USA Gen 3,Lola B2K00 Mercedes-Benz #32,F-USA_Gen3.xml
9039,Lola B2K/00 Toyota,Formula USA Gen 3,Lola B2K00 Toyota #1,F-USA_Gen3.xml
9039,Lola B2K/00 Toyota,Formula USA Gen 3,Lola B2K00 Toyota #9,F-USA_Gen3.xml
9040,Reynard 2Ki Ford-Cosworth,Formula USA Gen 3,Reynard 2Ki Ford-Cosworth #22,F-USA_Gen3.xml
9040,Reynard 2Ki Ford-Cosworth,Formula USA Gen 3,Reynard 2Ki Ford-Cosworth #40,F-USA_Gen3.xml
9040,Reynard 2Ki Ford-Cosworth,Formula USA Gen 3,Reynard 2Ki Ford-Cosworth #41,F-USA_Gen3.xml
9040,Reynard 2Ki Ford-Cosworth,Formula USA Gen 3,Reynard 2Ki Ford-Cosworth #7,F-USA_Gen3.xml
9040,Reynard 2Ki Ford-Cosworth,Formula USA Gen 3,Reynard 2Ki Ford-Cosworth #77,F-USA_Gen3.xml
9040,Reynard 2Ki Ford-Cosworth,Formula USA Gen 3,Reynard 2Ki Ford-Cosworth #8,F-USA_Gen3.xml
9041,Reynard 2Ki Honda,Formula USA Gen 3,Reynard 2Ki Honda #2,F-USA_Gen3.xml
9041,Reynard 2Ki Honda,Formula USA Gen 3,Reynard 2Ki Honda #26,F-USA_Gen3.xml
9041,Reynard 2Ki Honda,Formula USA Gen 3,Reynard 2Ki Honda #27,F-USA_Gen3.xml
9041,Reynard 2Ki Honda,Formula USA Gen 3,Reynard 2Ki Honda #3,F-USA_Gen3.xml
9041,Reynard 2Ki Honda,Formula USA Gen 3,Reynard 2Ki Honda #4,F-USA_Gen3.xml
9042,Reynard 2Ki Mercedes-Benz,Formula USA Gen 3,Reynard 2Ki Mercedes-Benz #18,F-USA_Gen3.xml
9042,Reynard 2Ki Mercedes-Benz,Formula USA Gen 3,Reynard 2Ki Mercedes-Benz #19,F-USA_Gen3.xml
9042,Reynard 2Ki Mercedes-Benz,Formula USA Gen 3,Reynard 2Ki Mercedes-Benz #20,F-USA_Gen3.xml
9042,Reynard 2Ki Mercedes-Benz,Formula USA Gen 3,Reynard 2Ki Mercedes-Benz #21,F-USA_Gen3.xml
9042,Reynard 2Ki Mercedes-Benz,Formula USA Gen 3,Reynard 2Ki Mercedes-Benz #98,F-USA_Gen3.xml
9042,Reynard 2Ki Mercedes-Benz,Formula USA Gen 3,Reynard 2Ki Mercedes-Benz #99,F-USA_Gen3.xml
9043,Reynard 2Ki Toyota,Formula USA Gen 3,Reynard 2Ki Toyota #17,F-USA_Gen3.xml
9043,Reynard 2Ki Toyota,Formula USA Gen 3,Reynard 2Ki Toyota #95,F-USA_Gen3.xml
9043,Reynard 2Ki Toyota,Formula USA Gen 3,Reynard 2Ki Toyota #96,F-USA_Gen3.xml
9044,F301,Dallara F301,Anderson Motorsport #19,F-3.xml
9044,F301,Dallara F301,Anderson Motorsport #21,F-3.xml
9044,F301,Dallara F301,Distop Motors #77,F-3.xml
9044,F301,Dallara F301,Distop Motors #78,F-3.xml
9044,F301,Dallara F301,Furio Racing #17,F-3.xml
9044,F301,Dallara F301,Furio Racing #26,F-3.xml
9044,F301,Dallara F301,Gordini G.P. #27,F-3.xml
9044,F301,Dallara F301,Gordini G.P. #28,F-3.xml
9044,F301,Dallara F301,Kota Racing #46,F-3.xml
9044,F301,Dallara F301,Kota Racing #71,F-3.xml
9044,F301,Dallara F301,Power On Motors #43,F-3.xml
9044,F301,Dallara F301,Reiza G.P. Community Skin #96,F-3.xml
9045,F309,Dallara F309,BR Motorsport #9,F-3.xml
9045,F309,Dallara F309,Carbone G.P. #13,F-3.xml
9045,F309,Dallara F309,Cesare Racing #5,F-3.xml
9045,F309,Dallara F309,Formula Sport #8,F-3.xml
9045,F309,Dallara F309,Granado Racing #59,F-3.xml
9045,F309,Dallara F309,GRNDWRK Racing #18 - R.Souza Skin,F-3.xml
9045,F309,Dallara F309,HighSport Racing #84,F-3.xml
9045,F309,Dallara F309,Index Racing #3 - E.Lima Skin,F-3.xml
9045,F309,Dallara F309,Index Racing #77 - R.Cascaes Skin,F-3.xml
9045,F309,Dallara F309,Luminis Engineering #34,F-3.xml
9045,F309,Dallara F309,Mellow Motorsports #7 - L.Nogueira Skin,F-3.xml
9045,F309,Dallara F309,Pacific G.P. #37 - T.Emanuel Skin,F-3.xml
9045,F309,Dallara F309,Power On Racing #86,F-3.xml
9045,F309,Dallara F309,Prop Racing #17,F-3.xml
9045,F309,Dallara F309,Scorpion Racing #6 - A.Di Pietro Skin,F-3.xml
9045,F309,Dallara F309,Tibex Motorsport #31,F-3.xml
9045,F309,Dallara F309,V-Room Racing #25,F-3.xml
9046,Formula Classic Gen1 Model1,Formula Classic Gen 1,Bradley Motorsports #25,F-Classic_Gen1.xml
9046,Formula Classic Gen1 Model1,Formula Classic Gen 1,Bradley Motorsports #26,F-Classic_Gen1.xml
9046,Formula Classic Gen1 Model1,Formula Classic Gen 1,Didcot Racing #17,F-Classic_Gen1.xml
9046,Formula Classic Gen1 Model1,Formula Classic Gen 1,Didcot Racing #18,F-Classic_Gen1.xml
9046,Formula Classic Gen1 Model1,Formula Classic Gen 1,DNA-US #5,F-Classic_Gen1.xml
9046,Formula Classic Gen1 Model1,Formula Classic Gen 1,DNA-US #6,F-Classic_Gen1.xml
9046,Formula Classic Gen1 Model1,Formula Classic Gen 1,Scuderia Forza #35,F-Classic_Gen1.xml
9046,Formula Classic Gen1 Model1,Formula Classic Gen 1,Scuderia Forza #36,F-Classic_Gen1.xml
9046,Formula Classic Gen1 Model1,Formula Classic Gen 1,Surrey Racing #14,F-Classic_Gen1.xml
9046,Formula Classic Gen1 Model1,Formula Classic Gen 1,Surrey Racing #99,F-Classic_Gen1.xml
9047,Formula Classic Gen1 Model2,Formula Classic Gen 1,Bolt G.P. #23,F-Classic_Gen1.xml
9047,Formula Classic Gen1 Model2,Formula Classic Gen 1,Bolt G.P. #24,F-Classic_Gen1.xml
9047,Formula Classic Gen1 Model2,Formula Classic Gen 1,Deutsch Speed Racing #13,F-Classic_Gen1.xml
9047,Formula Classic Gen1 Model2,Formula Classic Gen 1,Deutsch Speed Racing #14,F-Classic_Gen1.xml
9047,Formula Classic Gen1 Model2,Formula Classic Gen 1,Lione G.P. #27,F-Classic_Gen1.xml
9047,Formula Classic Gen1 Model2,Formula Classic Gen 1,Lione G.P. #28,F-Classic_Gen1.xml
9047,Formula Classic Gen1 Model2,Formula Classic Gen 1,McLean G.P. #7,F-Classic_Gen1.xml
9047,Formula Classic Gen1 Model2,Formula Classic Gen 1,McLean G.P. #8,F-Classic_Gen1.xml
9047,Formula Classic Gen1 Model2,Formula Classic Gen 1,Scuderia Faenza Girardi #32,F-Classic_Gen1.xml
9047,Formula Classic Gen1 Model2,Formula Classic Gen 1,Scuderia Faenza Girardi #33,F-Classic_Gen1.xml
9047,Formula Classic Gen1 Model2,Formula Classic Gen 1,Scuderia Milano #15,F-Classic_Gen1.xml
9047,Formula Classic Gen1 Model2,Formula Classic Gen 1,Scuderia Milano #16,F-Classic_Gen1.xml
9047,Formula Classic Gen1 Model2,Formula Classic Gen 1,United Racing #3,F-Classic_Gen1.xml
9047,Formula Classic Gen1 Model2,Formula Classic Gen 1,United Racing #4,F-Classic_Gen1.xml
9048,Lotus 98T,Formula Classic Gen 1,Team Lotus 98T #11,F-Classic_Gen1.xml
9048,Lotus 98T,Formula Classic Gen 1,Team Lotus 98T #12,F-Classic_Gen1.xml
9049,Formula Classic Gen2 Model1,Formula Classic Gen 2,Aero-Flight G.P. #14,F-Classic_Gen2.xml
9049,Formula Classic Gen2 Model1,Formula Classic Gen 2,Aero-Flight G.P. #99,F-Classic_Gen2.xml
9049,Formula Classic Gen2 Model1,Formula Classic Gen 2,Didcot Racing #17,F-Classic_Gen2.xml
9049,Formula Classic Gen2 Model1,Formula Classic Gen 2,Didcot Racing #18,F-Classic_Gen2.xml
9049,Formula Classic Gen2 Model1,Formula Classic Gen 2,Lione G.P. #15,F-Classic_Gen2.xml
9049,Formula Classic Gen2 Model1,Formula Classic Gen 2,Lione G.P. #16,F-Classic_Gen2.xml
9049,Formula Classic Gen2 Model1,Formula Classic Gen 2,Scuderia Faenza Girardi #23,F-Classic_Gen2.xml
9049,Formula Classic Gen2 Model1,Formula Classic Gen 2,Scuderia Faenza Girardi #24,F-Classic_Gen2.xml
9050,Formula Classic Gen2 Model2,Formula Classic Gen 2,Deutsch Speed Racing #10,F-Classic_Gen2.xml
9050,Formula Classic Gen2 Model2,Formula Classic Gen 2,Deutsch Speed Racing #9,F-Classic_Gen2.xml
9050,Formula Classic Gen2 Model2,Formula Classic Gen 2,Dial Racing #27,F-Classic_Gen2.xml
9050,Formula Classic Gen2 Model2,Formula Classic Gen 2,Dial Racing #28,F-Classic_Gen2.xml
9050,Formula Classic Gen2 Model2,Formula Classic Gen 2,EuroUno Racing #32,F-Classic_Gen2.xml
9050,Formula Classic Gen2 Model2,Formula Classic Gen 2,EuroUno Racing #33,F-Classic_Gen2.xml
9050,Formula Classic Gen2 Model2,Formula Classic Gen 2,United Racing #3,F-Classic_Gen2.xml
9050,Formula Classic Gen2 Model2,Formula Classic Gen 2,United Racing #4,F-Classic_Gen2.xml
9051,Formula Classic Gen2 Model3,Formula Classic Gen 2,Bolt G.P. #25,F-Classic_Gen2.xml
9051,Formula Classic Gen2 Model3,Formula Classic Gen 2,Bolt G.P. #26,F-Classic_Gen2.xml
9051,Formula Classic Gen2 Model3,Formula Classic Gen 2,Newcyan Racing #5,F-Classic_Gen2.xml
9051,Formula Classic Gen2 Model3,Formula Classic Gen 2,Newcyan Racing #6,F-Classic_Gen2.xml
9051,Formula Classic Gen2 Model3,Formula Classic Gen 2,Scuderia Forza #35,F-Classic_Gen2.xml
9051,Formula Classic Gen2 Model3,Formula Classic Gen 2,Scuderia Forza #36,F-Classic_Gen2.xml
9051,Formula Classic Gen2 Model3,Formula Classic Gen 2,Team Hornsey #19,F-Classic_Gen2.xml
9051,Formula Classic Gen2 Model3,Formula Classic Gen 2,Team Hornsey #20,F-Classic_Gen2.xml
9052,McLaren MP4/4,Formula Classic Gen 2,McLaren MP44 #11,F-Classic_Gen2.xml
9052,McLaren MP4/4,Formula Classic Gen 2,McLaren MP44 #12,F-Classic_Gen2.xml
9053,Formula Classic Gen3 Model1,Formula Classic Gen 3,AntLar Racing #23,F-Classic_Gen3.xml
9053,Formula Classic Gen3 Model1,Formula Classic Gen 3,AntLar Racing #24,F-Classic_Gen3.xml
9053,Formula Classic Gen3 Model1,Formula Classic Gen 3,Scuderia Forza #35,F-Classic_Gen3.xml
9053,Formula Classic Gen3 Model1,Formula Classic Gen 3,Scuderia Forza #36,F-Classic_Gen3.xml
9053,Formula Classic Gen3 Model1,Formula Classic Gen 3,Team Hornsey #14,F-Classic_Gen3.xml
9053,Formula Classic Gen3 Model1,Formula Classic Gen 3,Team Hornsey #99,F-Classic_Gen3.xml
9054,Formula Classic Gen3 Model2,Formula Classic Gen 3,EuroUno Racing #17,F-Classic_Gen3.xml
9054,Formula Classic Gen3 Model2,Formula Classic Gen 3,EuroUno Racing #18,F-Classic_Gen3.xml
9054,Formula Classic Gen3 Model2,Formula Classic Gen 3,Surrey Racing #25,F-Classic_Gen3.xml
9054,Formula Classic Gen3 Model2,Formula Classic Gen 3,Surrey Racing #26,F-Classic_Gen3.xml
9054,Formula Classic Gen3 Model2,Formula Classic Gen 3,United Racing #19,F-Classic_Gen3.xml
9054,Formula Classic Gen3 Model2,Formula Classic Gen 3,United Racing #20,F-Classic_Gen3.xml
9055,Formula Classic Gen3 Model3,Formula Classic Gen 3,Didcot Racing #5,FE-G1.xml
9055,Formula Classic Gen3 Model3,Formula Classic Gen 3,Didcot Racing #6,FE-G1.xml
9056,Formula Classic Gen3 Model4,Formula Classic Gen 3,Bolt-Work G.P. #11,F-Classic_Gen3.xml
9056,Formula Classic Gen3 Model4,Formula Classic Gen 3,Bolt-Work G.P. #12,F-Classic_Gen3.xml
9056,Formula Classic Gen3 Model4,Formula Classic Gen 3,DLA Scuderia Italia #3,F-Classic_Gen3.xml
9056,Formula Classic Gen3 Model4,Formula Classic Gen 3,DLA Scuderia Italia #4,F-Classic_Gen3.xml
9056,Formula Classic Gen3 Model4,Formula Classic Gen 3,Lione G.P. #29,F-Classic_Gen3.xml
9056,Formula Classic Gen3 Model4,Formula Classic Gen 3,Lione G.P. #30,F-Classic_Gen3.xml
9056,Formula Classic Gen3 Model4,Formula Classic Gen 3,Newcyan Racing #15,F-Classic_Gen3.xml
9056,Formula Classic Gen3 Model4,Formula Classic Gen 3,Newcyan Racing #16,F-Classic_Gen3.xml
9056,Formula Classic Gen3 Model4,Formula Classic Gen 3,Scuderia Faenza Girardi #32,F-Classic_Gen3.xml
9056,Formula Classic Gen3 Model4,Formula Classic Gen 3,Scuderia Faenza Girardi #33,F-Classic_Gen3.xml
9057,McLaren MP4/5B,Formula Classic Gen 3,McLaren MP45B #27,F-Classic_Gen3.xml
9057,McLaren MP4/5B,Formula Classic Gen 3,McLaren MP45B #28,F-Classic_Gen3.xml
9058,Formula Classic Gen4 Model1,Formula Classic Gen 4,Bradley Motorsports #27,F-Classic_Gen4.xml
9058,Formula Classic Gen4 Model1,Formula Classic Gen 4,Bradley Motorsports #28,F-Classic_Gen4.xml
9058,Formula Classic Gen4 Model1,Formula Classic Gen 4,Lione G.P. #25,F-Classic_Gen4.xml
9058,Formula Classic Gen4 Model1,Formula Classic Gen 4,Lione G.P. #26,F-Classic_Gen4.xml
9058,Formula Classic Gen4 Model1,Formula Classic Gen 4,Scuderia Faenza Girardi #23,F-Classic_Gen4.xml
9058,Formula Classic Gen4 Model1,Formula Classic Gen 4,Scuderia Faenza Girardi #24,F-Classic_Gen4.xml
9058,Formula Classic Gen4 Model1,Formula Classic Gen 4,Scuderia Forza #35,F-Classic_Gen4.xml
9058,Formula Classic Gen4 Model1,Formula Classic Gen 4,Scuderia Forza #36,F-Classic_Gen4.xml
9059,Formula Classic Gen4 Model2,Formula Classic Gen 4,Didcot Racing #5,F-Classic_Gen4.xml
9059,Formula Classic Gen4 Model2,Formula Classic Gen 4,Didcot Racing #6,F-Classic_Gen4.xml
9059,Formula Classic Gen4 Model2,Formula Classic Gen 4,DLA Scuderia Italia #32,F-Classic_Gen4.xml
9059,Formula Classic Gen4 Model2,Formula Classic Gen 4,DLA Scuderia Italia #33,F-Classic_Gen4.xml
9059,Formula Classic Gen4 Model2,Formula Classic Gen 4,Newcyan Racing #15,F-Classic_Gen4.xml
9059,Formula Classic Gen4 Model2,Formula Classic Gen 4,Newcyan Racing #16,F-Classic_Gen4.xml
9059,Formula Classic Gen4 Model2,Formula Classic Gen 4,Surrey Racing #17,F-Classic_Gen4.xml
9059,Formula Classic Gen4 Model2,Formula Classic Gen 4,Surrey Racing #18,F-Classic_Gen4.xml
9060,Formula Classic Gen4 Model3,Formula Classic Gen 4,Bolt-Work G.P. #50,F-Classic_Gen4.xml
9060,Formula Classic Gen4 Model3,Formula Classic Gen 4,Bolt-Work G.P. #51,F-Classic_Gen4.xml
9060,Formula Classic Gen4 Model3,Formula Classic Gen 4,Paddy G.P. #42,F-Classic_Gen4.xml
9060,Formula Classic Gen4 Model3,Formula Classic Gen 4,Paddy G.P. #43,F-Classic_Gen4.xml
9060,Formula Classic Gen4 Model3,Formula Classic Gen 4,Team Hornsey #14,F-Classic_Gen4.xml
9060,Formula Classic Gen4 Model3,Formula Classic Gen 4,Team Hornsey #99,F-Classic_Gen4.xml
9060,Formula Classic Gen4 Model3,Formula Classic Gen 4,United Racing #19,F-Classic_Gen4.xml
9060,Formula Classic Gen4 Model3,Formula Classic Gen 4,United Racing #20,F-Classic_Gen4.xml
9061,McLaren MP4/6,Formula Classic Gen 4,McLaren MP46 #1,F-Classic_Gen4.xml
9061,McLaren MP4/6,Formula Classic Gen 4,McLaren MP46 #2,F-Classic_Gen4.xml
9062,Formula HiTech Gen1 Model1,Formula HiTech Gen 1,DLA Scuderia Italia #11,F-Hitech_Gen1.xml
9062,Formula HiTech Gen1 Model1,Formula HiTech Gen 1,DLA Scuderia Italia #12,F-Hitech_Gen1.xml
9062,Formula HiTech Gen1 Model1,Formula HiTech Gen 1,Paddy G.P. #7,F-Hitech_Gen1.xml
9062,Formula HiTech Gen1 Model1,Formula HiTech Gen 1,Paddy G.P. #8,F-Hitech_Gen1.xml
9062,Formula HiTech Gen1 Model1,Formula HiTech Gen 1,Scuderia Faenza Girardi #19,F-Hitech_Gen1.xml
9062,Formula HiTech Gen1 Model1,Formula HiTech Gen 1,Scuderia Faenza Girardi #20,F-Hitech_Gen1.xml
9062,Formula HiTech Gen1 Model1,Formula HiTech Gen 1,Scuderia Forza #3,F-Hitech_Gen1.xml
9062,Formula HiTech Gen1 Model1,Formula HiTech Gen 1,Scuderia Forza #4,F-Hitech_Gen1.xml
9063,Formula HiTech Gen1 Model2,Formula HiTech Gen 1,Didcot Racing #5,FE-G1.xml
9063,Formula HiTech Gen1 Model2,Formula HiTech Gen 1,Didcot Racing #6,FE-G1.xml
9064,Formula HiTech Gen1 Model3,Formula HiTech Gen 1,Fontel G.P. #22,F-Hitech_Gen1.xml
9064,Formula HiTech Gen1 Model3,Formula HiTech Gen 1,Fontel G.P. #23,F-Hitech_Gen1.xml
9064,Formula HiTech Gen1 Model3,Formula HiTech Gen 1,Team Hornsey #17,F-Hitech_Gen1.xml
9064,Formula HiTech Gen1 Model3,Formula HiTech Gen 1,Team Hornsey #18,F-Hitech_Gen1.xml
9064,Formula HiTech Gen1 Model3,Formula HiTech Gen 1,United Racing #10,F-Hitech_Gen1.xml
9064,Formula HiTech Gen1 Model3,Formula HiTech Gen 1,United Racing #9,F-Hitech_Gen1.xml
9065,Formula HiTech Gen1 Model4,Formula HiTech Gen 1,Bolt-Work G.P. #15,F-Hitech_Gen1.xml
9065,Formula HiTech Gen1 Model4,Formula HiTech Gen 1,Bolt-Work G.P. #16,F-Hitech_Gen1.xml
9065,Formula HiTech Gen1 Model4,Formula HiTech Gen 1,Bradley Motorsports #26,F-Hitech_Gen1.xml
9065,Formula HiTech Gen1 Model4,Formula HiTech Gen 1,Bradley Motorsports #27,F-Hitech_Gen1.xml
9065,Formula HiTech Gen1 Model4,Formula HiTech Gen 1,Newcyan Racing #24,F-Hitech_Gen1.xml
9065,Formula HiTech Gen1 Model4,Formula HiTech Gen 1,Newcyan Racing #25,F-Hitech_Gen1.xml
9065,Formula HiTech Gen1 Model4,Formula HiTech Gen 1,Surrey Racing #13,F-Hitech_Gen1.xml
9065,Formula HiTech Gen1 Model4,Formula HiTech Gen 1,Surrey Racing #14,F-Hitech_Gen1.xml
9066,Formula HiTech Gen2 Model1,Formula HiTech Gen 2,AntLar Racing #19,F-Hitech_Gen2.xml
9066,Formula HiTech Gen2 Model1,Formula HiTech Gen 2,AntLar Racing #20,F-Hitech_Gen2.xml
9066,Formula HiTech Gen2 Model1,Formula HiTech Gen 2,DLA Scuderia Italia #11,F-Hitech_Gen2.xml
9066,Formula HiTech Gen2 Model1,Formula HiTech Gen 2,DLA Scuderia Italia #12,F-Hitech_Gen2.xml
9066,Formula HiTech Gen2 Model1,Formula HiTech Gen 2,Scuderia Forza #3,F-Hitech_Gen2.xml
9066,Formula HiTech Gen2 Model1,Formula HiTech Gen 2,Scuderia Forza #4,F-Hitech_Gen2.xml
9067,Formula HiTech Gen2 Model2,Formula HiTech Gen 2,Bolt-Work G.P. #15,F-Hitech_Gen2.xml
9067,Formula HiTech Gen2 Model2,Formula HiTech Gen 2,Bolt-Work G.P. #16,F-Hitech_Gen2.xml
9067,Formula HiTech Gen2 Model2,Formula HiTech Gen 2,Didcot Racing #0,F-Hitech_Gen2.xml
9067,Formula HiTech Gen2 Model2,Formula HiTech Gen 2,Didcot Racing #6,F-Hitech_Gen2.xml
9067,Formula HiTech Gen2 Model2,Formula HiTech Gen 2,Lione G.P. #31,F-Hitech_Gen2.xml
9067,Formula HiTech Gen2 Model2,Formula HiTech Gen 2,Lione G.P. #32,F-Hitech_Gen2.xml
9067,Formula HiTech Gen2 Model2,Formula HiTech Gen 2,Paddy G.P. #17,F-Hitech_Gen2.xml
9067,Formula HiTech Gen2 Model2,Formula HiTech Gen 2,Paddy G.P. #18,F-Hitech_Gen2.xml
9067,Formula HiTech Gen2 Model2,Formula HiTech Gen 2,Surrey Racing #13,F-Hitech_Gen2.xml
9067,Formula HiTech Gen2 Model2,Formula HiTech Gen 2,Surrey Racing #14,F-Hitech_Gen2.xml
9067,Formula HiTech Gen2 Model2,Formula HiTech Gen 2,Zir-Win Motorsport #29,F-Hitech_Gen2.xml
9067,Formula HiTech Gen2 Model2,Formula HiTech Gen 2,Zir-Win Motorsport #30,F-Hitech_Gen2.xml
9068,Formula HiTech Gen2 Model3,Formula HiTech Gen 2,Scuderia Faenza Girardi #26,F-Hitech_Gen2.xml
9068,Formula HiTech Gen2 Model3,Formula HiTech Gen 2,Scuderia Faenza Girardi #27,F-Hitech_Gen2.xml
9068,Formula HiTech Gen2 Model3,Formula HiTech Gen 2,Team Hornsey #24,F-Hitech_Gen2.xml
9068,Formula HiTech Gen2 Model3,Formula HiTech Gen 2,Team Hornsey #25,F-Hitech_Gen2.xml
9068,Formula HiTech Gen2 Model3,Formula HiTech Gen 2,United Racing #10,F-Hitech_Gen2.xml
9068,Formula HiTech Gen2 Model3,Formula HiTech Gen 2,United Racing #9,F-Hitech_Gen2.xml
9069,McLaren MP4/7A,Formula HiTech Gen 1,McLaren MP47A #1,F-Hitech_Gen1.xml
9069,McLaren MP4/7A,Formula HiTech Gen 1,McLaren MP47A #2,F-Hitech_Gen1.xml
9070,McLaren MP4/8,Formula HiTech Gen 2,McLaren MP48 #7,F-Hitech_Gen2.xml
9070,McLaren MP4/8,Formula HiTech Gen 2,McLaren MP48 #8,F-Hitech_Gen2.xml
9071,Formula Dirt,Formula Dirt,Formula Dirt #001,F-Dirt.xml
9071,Formula Dirt,Formula Dirt,Formula Dirt #05,F-Dirt.xml
9071,Formula Dirt,Formula Dirt,Formula Dirt #170,F-Dirt.xml
9071,Formula Dirt,Formula Dirt,Formula Dirt #234,F-Dirt.xml
9071,Formula Dirt,Formula Dirt,Formula Dirt #301,F-Dirt.xml
9071,Formula Dirt,Formula Dirt,Formula Dirt #32,F-Dirt.xml
9071,Formula Dirt,Formula Dirt,Formula Dirt #360,F-Dirt.xml
9071,Formula Dirt,Formula Dirt,Formula Dirt #373,F-Dirt.xml
9071,Formula Dirt,Formula Dirt,Formula Dirt #445,F-Dirt.xml
9071,Formula Dirt,Formula Dirt,Formula Dirt #495,F-Dirt.xml
9071,Formula Dirt,Formula Dirt,Formula Dirt #508,F-Dirt.xml
9071,Formula Dirt,Formula Dirt,Formula Dirt #555,F-Dirt.xml
9071,Formula Dirt,Formula Dirt,Formula Dirt #65,F-Dirt.xml
9071,Formula Dirt,Formula Dirt,Formula Dirt #665,F-Dirt.xml
9071,Formula Dirt,Formula Dirt,Formula Dirt #71,F-Dirt.xml
9071,Formula Dirt,Formula Dirt,Formula Dirt #720,F-Dirt.xml
9071,Formula Dirt,Formula Dirt,Formula Dirt #737,F-Dirt.xml
9071,Formula Dirt,Formula Dirt,Formula Dirt #93,F-Dirt.xml
9071,Formula Dirt,Formula Dirt,Formula Dirt #934,F-Dirt.xml
9071,Formula Dirt,Formula Dirt,Formula Dirt #99,F-Dirt.xml
9072,Formula Junior,Formula Junior,F-Junior #1,F-Junior.xml
9072,Formula Junior,Formula Junior,F-Junior #10,F-Junior.xml
9072,Formula Junior,Formula Junior,F-Junior #104,F-Junior.xml
9072,Formula Junior,Formula Junior,F-Junior #2,F-Junior.xml
9072,Formula Junior,Formula Junior,F-Junior #205,F-Junior.xml
9072,Formula Junior,Formula Junior,F-Junior #22,F-Junior.xml
9072,Formula Junior,Formula Junior,F-Junior #3,F-Junior.xml
9072,Formula Junior,Formula Junior,F-Junior #33,F-Junior.xml
9072,Formula Junior,Formula Junior,F-Junior #4,F-Junior.xml
9072,Formula Junior,Formula Junior,F-Junior #44,F-Junior.xml
9072,Formula Junior,Formula Junior,F-Junior #5,F-Junior.xml
9072,Formula Junior,Formula Junior,F-Junior #55,F-Junior.xml
9072,Formula Junior,Formula Junior,F-Junior #6,F-Junior.xml
9072,Formula Junior,Formula Junior,F-Junior #66,F-Junior.xml
9072,Formula Junior,Formula Junior,F-Junior #7,F-Junior.xml
9072,Formula Junior,Formula Junior,F-Junior #71,F-Junior.xml
9072,Formula Junior,Formula Junior,F-Junior #8,F-Junior.xml
9072,Formula Junior,Formula Junior,F-Junior #82,F-Junior.xml
9072,Formula Junior,Formula Junior,F-Junior #9,F-Junior.xml
9072,Formula Junior,Formula Junior,F-Junior #93,F-Junior.xml
9073,Formula V8 Gen3,Formula V8 Gen 3,Cobra Force G.P. #14,F-Reiza.xml
9073,Formula V8 Gen3,Formula V8 Gen 3,Cobra Force G.P. #15,F-Reiza.xml
9073,Formula V8 Gen3,Formula V8 Gen 3,Didcot Racing #10,F-Reiza.xml
9073,Formula V8 Gen3,Formula V8 Gen 3,Didcot Racing #9,F-Reiza.xml
9073,Formula V8 Gen3,Formula V8 Gen 3,energyX Faenza #5,F-Reiza.xml
9073,Formula V8 Gen3,Formula V8 Gen 3,energyX Faenza #6,F-Reiza.xml
9073,Formula V8 Gen3,Formula V8 Gen 3,energyX Racing #20,F-Reiza.xml
9073,Formula V8 Gen3,Formula V8 Gen 3,energyX Racing #21,F-Reiza.xml
9073,Formula V8 Gen3,Formula V8 Gen 3,McLean G.P. #16,F-Reiza.xml
9073,Formula V8 Gen3,Formula V8 Gen 3,McLean G.P. #17,F-Reiza.xml
9073,Formula V8 Gen3,Formula V8 Gen 3,Reizoil G.P. #24,F-Reiza.xml
9073,Formula V8 Gen3,Formula V8 Gen 3,Reizoil G.P. #25,F-Reiza.xml
9073,Formula V8 Gen3,Formula V8 Gen 3,Roch G.P. #22,F-Reiza.xml
9073,Formula V8 Gen3,Formula V8 Gen 3,Roch G.P. #23,F-Reiza.xml
9073,Formula V8 Gen3,Formula V8 Gen 3,Scuderia Forza #3,F-Reiza.xml
9073,Formula V8 Gen3,Formula V8 Gen 3,Scuderia Forza #4,F-Reiza.xml
9073,Formula V8 Gen3,Formula V8 Gen 3,Starward G.P. #18,F-Reiza.xml
9073,Formula V8 Gen3,Formula V8 Gen 3,Starward G.P. #19,F-Reiza.xml
9073,Formula V8 Gen3,Formula V8 Gen 3,Team Hornsey #7,F-Reiza.xml
9073,Formula V8 Gen3,Formula V8 Gen 3,Team Hornsey #8,F-Reiza.xml
9073,Formula V8 Gen3,Formula V8 Gen 3,Team Virystone #11,F-Reiza.xml
9073,Formula V8 Gen3,Formula V8 Gen 3,Team Virystone #12,F-Reiza.xml
9073,Formula V8 Gen3,Formula V8 Gen 3,Zir-Win Motorsport #1,F-Reiza.xml
9073,Formula V8 Gen3,Formula V8 Gen 3,Zir-Win Motorsport #2,F-Reiza.xml
9074,Brabham BT44,Formula Retro Gen 1,Brabham BT44 #17,F-Retro_Gen1.xml
9074,Brabham BT44,Formula Retro Gen 1,Brabham BT44 #18,F-Retro_Gen1.xml
9074,Brabham BT44,Formula Retro Gen 1,Brabham BT44 #7,F-Retro_Gen1.xml
9074,Brabham BT44,Formula Retro Gen 1,Brabham BT44 #8,F-Retro_Gen1.xml
9075,Formula Retro V12,Formula Retro Gen 1,North Racing #69,F-Retro_Gen1.xml
9075,Formula Retro V12,Formula Retro Gen 1,Rich Racing #10,F-Retro_Gen1.xml
9075,Formula Retro V12,Formula Retro Gen 1,Rich Racing #9,F-Retro_Gen1.xml
9075,Formula Retro V12,Formula Retro Gen 1,Royal Motorsports #11,F-Retro_Gen1.xml
9075,Formula Retro V12,Formula Retro Gen 1,Royal Motorsports #12,F-Retro_Gen1.xml
9075,Formula Retro V12,Formula Retro Gen 1,Scuderia Forza #54,F-Retro_Gen1.xml
9075,Formula Retro V12,Formula Retro Gen 1,Scuderia Forza #55,F-Retro_Gen1.xml
9076,Formula Retro V8,Formula Retro Gen 1,ATM Racing #3,F-Retro_Gen1.xml
9076,Formula Retro V8,Formula Retro Gen 1,ATM Racing #4,F-Retro_Gen1.xml
9076,Formula Retro V8,Formula Retro Gen 1,JP Racing #15,F-Retro_Gen1.xml
9076,Formula Retro V8,Formula Retro Gen 1,JP Racing #16,F-Retro_Gen1.xml
9076,Formula Retro V8,Formula Retro Gen 1,Lord Racing #32,F-Retro_Gen1.xml
9076,Formula Retro V8,Formula Retro Gen 1,Lord Racing #33,F-Retro_Gen1.xml
9076,Formula Retro V8,Formula Retro Gen 1,Stevens Racing #27,F-Retro_Gen1.xml
9076,Formula Retro V8,Formula Retro Gen 1,Stevens Racing #28,F-Retro_Gen1.xml
9077,Lotus Type 72E,Formula Retro Gen 1,Team Lotus 72E #1,F-Retro_Gen1.xml
9077,Lotus Type 72E,Formula Retro Gen 1,Team Lotus 72E #2,F-Retro_Gen1.xml
9077,Lotus Type 72E,Formula Retro Gen 1,Team Lotus 72E #29,F-Retro_Gen1.xml
9077,Lotus Type 72E,Formula Retro Gen 1,Team Lotus 72E #30,F-Retro_Gen1.xml
9078,McLaren M23,Formula Retro Gen 1,McLaren M23 #33,F-Retro_Gen1.xml
9078,McLaren M23,Formula Retro Gen 1,McLaren M23 #5,F-Retro_Gen1.xml
9078,McLaren M23,Formula Retro Gen 1,McLaren M23 #6,F-Retro_Gen1.xml
9079,Brabham BT46B,Formula Retro Gen 2,Brabham BT46B #11,F-Retro_Gen2.xml
9079,Brabham BT46B,Formula Retro Gen 2,Brabham BT46B #22,F-Retro_Gen2.xml
9080,Brabham BT49,Formula Retro Gen 2,Brabham BT49 #5,F-Retro_Gen2.xml
9080,Brabham BT49,Formula Retro Gen 2,Brabham BT49 #66,F-Retro_Gen2.xml
9081,Formula Retro Gen2,Formula Retro Gen 2,Bolt G.P. #07,F-Retro_Gen2.xml
9081,Formula Retro Gen2,Formula Retro Gen 2,Bolt G.P. #08,F-Retro_Gen2.xml
9081,Formula Retro Gen2,Formula Retro Gen 2,Didcot Racing #19,F-Retro_Gen2.xml
9081,Formula Retro Gen2,Formula Retro Gen 2,Didcot Racing #20,F-Retro_Gen2.xml
9081,Formula Retro Gen2,Formula Retro Gen 2,Fittipaldi Automotive #14,F-Retro_Gen2.xml
9081,Formula Retro Gen2,Formula Retro Gen 2,Fittipaldi Automotive #15,F-Retro_Gen2.xml
9081,Formula Retro Gen2,Formula Retro Gen 2,Lione G.P. #21,F-Retro_Gen2.xml
9081,Formula Retro Gen2,Formula Retro Gen 2,Lione G.P. #22,F-Retro_Gen2.xml
9081,Formula Retro Gen2,Formula Retro Gen 2,Scuderia Forza #10,F-Retro_Gen2.xml
9081,Formula Retro Gen2,Formula Retro Gen 2,Scuderia Forza #12,F-Retro_Gen2.xml
9081,Formula Retro Gen2,Formula Retro Gen 2,Winston G.P. #17,F-Retro_Gen2.xml
9081,Formula Retro Gen2,Formula Retro Gen 2,Winston G.P. #18,F-Retro_Gen2.xml
9082,Lotus 79,Formula Retro Gen 2,Team Lotus 79 #1,F-Retro_Gen2.xml
9082,Lotus 79,Formula Retro Gen 2,Team Lotus 79 #2,F-Retro_Gen2.xml
9082,Lotus 79,Formula Retro Gen 2,Team Lotus 79 #3,F-Retro_Gen2.xml
9082,Lotus 79,Formula Retro Gen 2,Team Lotus 79 #4,F-Retro_Gen2.xml
9082,Lotus 79,Formula Retro Gen 2,Team Lotus 79 #55,F-Retro_Gen2.xml
9082,Lotus 79,Formula Retro Gen 2,Team Lotus 79 #6,F-Retro_Gen2.xml
9083,Brabham BT52,Formula Retro Gen 3,Brabham BT52 #5,F-Retro_Gen3.xml
9083,Brabham BT52,Formula Retro Gen 3,Brabham BT52 #6,F-Retro_Gen3.xml
9084,Formula Retro Gen3 DFY,Formula Retro Gen 3,Bolt G.P. #14,F-Retro_Gen3.xml
9084,Formula Retro Gen3 DFY,Formula Retro Gen 3,Bolt G.P. #15,F-Retro_Gen3.xml
9084,Formula Retro Gen3 DFY,Formula Retro Gen 3,Didcot Racing #16,F-Retro_Gen3.xml
9084,Formula Retro Gen3 DFY,Formula Retro Gen 3,Didcot Racing #17,F-Retro_Gen3.xml
9084,Formula Retro Gen3 DFY,Formula Retro Gen 3,Lione G.P. #12,F-Retro_Gen3.xml
9084,Formula Retro Gen3 DFY,Formula Retro Gen 3,Lione G.P. #13,F-Retro_Gen3.xml
9084,Formula Retro Gen3 DFY,Formula Retro Gen 3,Surrey Racing #26,F-Retro_Gen3.xml
9084,Formula Retro Gen3 DFY,Formula Retro Gen 3,Surrey Racing #27,F-Retro_Gen3.xml
9084,Formula Retro Gen3 DFY,Formula Retro Gen 3,Team Hornsey #24,F-Retro_Gen3.xml
9084,Formula Retro Gen3 DFY,Formula Retro Gen 3,Team Hornsey #25,F-Retro_Gen3.xml
9085,Formula Retro Gen3 Turbo,Formula Retro Gen 3,Rich Racing #18,F-Retro_Gen3.xml
9085,Formula Retro Gen3 Turbo,Formula Retro Gen 3,Rich Racing #19,F-Retro_Gen3.xml
9085,Formula Retro Gen3 Turbo,Formula Retro Gen 3,Scuderia Forza #28,F-Retro_Gen3.xml
9085,Formula Retro Gen3 Turbo,Formula Retro Gen 3,Scuderia Forza #29,F-Retro_Gen3.xml
9085,Formula Retro Gen3 Turbo,Formula Retro Gen 3,Scuderia Milano #30,F-Retro_Gen3.xml
9085,Formula Retro Gen3 Turbo,Formula Retro Gen 3,Scuderia Milano #31,F-Retro_Gen3.xml
9085,Formula Retro Gen3 Turbo,Formula Retro Gen 3,Soul Racing #22,F-Retro_Gen3.xml
9085,Formula Retro Gen3 Turbo,Formula Retro Gen 3,Soul Racing #23,F-Retro_Gen3.xml
9085,Formula Retro Gen3 Turbo,Formula Retro Gen 3,Team Virystone #20,F-Retro_Gen3.xml
9085,Formula Retro Gen3 Turbo,Formula Retro Gen 3,Team Virystone #21,F-Retro_Gen3.xml
9086,McLaren MP4/1C,Formula Retro Gen 3,McLaren MP41C #7,F-Retro_Gen3.xml
9086,McLaren MP4/1C,Formula Retro Gen 3,McLaren MP41C #8,F-Retro_Gen3.xml
9087,Formula Ultimate Hybrid Gen2,Formula Hybrid Gen 2,Didcot Racing #53,F-Ultimate.xml
9087,Formula Ultimate Hybrid Gen2,Formula Hybrid Gen 2,Didcot Racing #86,F-Ultimate.xml
9087,Formula Ultimate Hybrid Gen2,Formula Hybrid Gen 2,DNA-US #2,F-Ultimate.xml
9087,Formula Ultimate Hybrid Gen2,Formula Hybrid Gen 2,DNA-US #3,F-Ultimate.xml
9087,Formula Ultimate Hybrid Gen2,Formula Hybrid Gen 2,energyX Faenza #4,F-Ultimate.xml
9087,Formula Ultimate Hybrid Gen2,Formula Hybrid Gen 2,energyX Faenza #7,F-Ultimate.xml
9087,Formula Ultimate Hybrid Gen2,Formula Hybrid Gen 2,energyX Racing #32,F-Ultimate.xml
9087,Formula Ultimate Hybrid Gen2,Formula Hybrid Gen 2,energyX Racing #6,F-Ultimate.xml
9087,Formula Ultimate Hybrid Gen2,Formula Hybrid Gen 2,McLean G.P. #98,F-Ultimate.xml
9087,Formula Ultimate Hybrid Gen2,Formula Hybrid Gen 2,McLean G.P. #99,F-Ultimate.xml
9087,Formula Ultimate Hybrid Gen2,Formula Hybrid Gen 2,Racing Edge #28,F-Ultimate.xml
9087,Formula Ultimate Hybrid Gen2,Formula Hybrid Gen 2,Racing Edge #29,F-Ultimate.xml
9087,Formula Ultimate Hybrid Gen2,Formula Hybrid Gen 2,Scuderia Forza #24,F-Ultimate.xml
9087,Formula Ultimate Hybrid Gen2,Formula Hybrid Gen 2,Scuderia Forza #37,F-Ultimate.xml
9087,Formula Ultimate Hybrid Gen2,Formula Hybrid Gen 2,Scuderia Milano #42,F-Ultimate.xml
9087,Formula Ultimate Hybrid Gen2,Formula Hybrid Gen 2,Scuderia Milano #54,F-Ultimate.xml
9087,Formula Ultimate Hybrid Gen2,Formula Hybrid Gen 2,Starward G.P. #60,F-Ultimate.xml
9087,Formula Ultimate Hybrid Gen2,Formula Hybrid Gen 2,Starward G.P. #62,F-Ultimate.xml
9087,Formula Ultimate Hybrid Gen2,Formula Hybrid Gen 2,Team Virystone #5,F-Ultimate.xml
9087,Formula Ultimate Hybrid Gen2,Formula Hybrid Gen 2,Team Virystone #8,F-Ultimate.xml
9088,Formula Ultimate Hybrid Gen3,Formula Hybrid Gen 3,Bond G.P. #3,F-Ultimate_Gen2.xml
9088,Formula Ultimate Hybrid Gen3,Formula Hybrid Gen 3,Bond G.P. #5,F-Ultimate_Gen2.xml
9088,Formula Ultimate Hybrid Gen3,Formula Hybrid Gen 3,Didcot Racing #24,F-Ultimate_Gen2.xml
9088,Formula Ultimate Hybrid Gen3,Formula Hybrid Gen 3,Didcot Racing #51,F-Ultimate_Gen2.xml
9088,Formula Ultimate Hybrid Gen3,Formula Hybrid Gen 3,DNA-US #4,F-Ultimate_Gen2.xml
9088,Formula Ultimate Hybrid Gen3,Formula Hybrid Gen 3,DNA-US #7,F-Ultimate_Gen2.xml
9088,Formula Ultimate Hybrid Gen3,Formula Hybrid Gen 3,energyX Faenza #60,F-Ultimate_Gen2.xml
9088,Formula Ultimate Hybrid Gen3,Formula Hybrid Gen 3,energyX Faenza #98,F-Ultimate_Gen2.xml
9088,Formula Ultimate Hybrid Gen3,Formula Hybrid Gen 3,energyX Racing #1,F-Ultimate_Gen2.xml
9088,Formula Ultimate Hybrid Gen3,Formula Hybrid Gen 3,energyX Racing #6,F-Ultimate_Gen2.xml
9088,Formula Ultimate Hybrid Gen3,Formula Hybrid Gen 3,McLean G.P. #22,F-Ultimate_Gen2.xml
9088,Formula Ultimate Hybrid Gen3,Formula Hybrid Gen 3,McLean G.P. #32,F-Ultimate_Gen2.xml
9088,Formula Ultimate Hybrid Gen3,Formula Hybrid Gen 3,Scuderia Forza #45,F-Ultimate_Gen2.xml
9088,Formula Ultimate Hybrid Gen3,Formula Hybrid Gen 3,Scuderia Forza #72,F-Ultimate_Gen2.xml
9088,Formula Ultimate Hybrid Gen3,Formula Hybrid Gen 3,Starward G.P. #18,F-Ultimate_Gen2.xml
9088,Formula Ultimate Hybrid Gen3,Formula Hybrid Gen 3,Starward G.P. #9,F-Ultimate_Gen2.xml
9088,Formula Ultimate Hybrid Gen3,Formula Hybrid Gen 3,Team Virystone #15,F-Ultimate_Gen2.xml
9088,Formula Ultimate Hybrid Gen3,Formula Hybrid Gen 3,Team Virystone #2,F-Ultimate_Gen2.xml
9088,Formula Ultimate Hybrid Gen3,Formula Hybrid Gen 3,Zir-Win Motorsport #17,F-Ultimate_Gen2.xml
9088,Formula Ultimate Hybrid Gen3,Formula Hybrid Gen 3,Zir-Win Motorsport #28,F-Ultimate_Gen2.xml
9089,Formula USA 2023,Formula USA 2023,F-USA 2023 #00,F-USA_2023.xml
9089,Formula USA 2023,Formula USA 2023,F-USA 2023 #01,F-USA_2023.xml
9089,Formula USA 2023,Formula USA 2023,F-USA 2023 #02,F-USA_2023.xml
9089,Formula USA 2023,Formula USA 2023,F-USA 2023 #03,F-USA_2023.xml
9089,Formula USA 2023,Formula USA 2023,F-USA 2023 #04,F-USA_2023.xml
9089,Formula USA 2023,Formula USA 2023,F-USA 2023 #05,F-USA_2023.xml
9089,Formula USA 2023,Formula USA 2023,F-USA 2023 #06,F-USA_2023.xml
9089,Formula USA 2023,Formula USA 2023,F-USA 2023 #07,F-USA_2023.xml
9089,Formula USA 2023,Formula USA 2023,F-USA 2023 #08,F-USA_2023.xml
9089,Formula USA 2023,Formula USA 2023,F-USA 2023 #09,F-USA_2023.xml
9089,Formula USA 2023,Formula USA 2023,F-USA 2023 #10,F-USA_2023.xml
9089,Formula USA 2023,Formula USA 2023,F-USA 2023 #11,F-USA_2023.xml
9089,Formula USA 2023,Formula USA 2023,F-USA 2023 #12,F-USA_2023.xml
9089,Formula USA 2023,Formula USA 2023,F-USA 2023 #13,F-USA_2023.xml
9089,Formula USA 2023,Formula USA 2023,F-USA 2023 #14,F-USA_2023.xml
9089,Formula USA 2023,Formula USA 2023,F-USA 2023 #15,F-USA_2023.xml
9089,Formula USA 2023,Formula USA 2023,F-USA 2023 #16,F-USA_2023.xml
9089,Formula USA 2023,Formula USA 2023,F-USA 2023 #17,F-USA_2023.xml
9089,Formula USA 2023,Formula USA 2023,F-USA 2023 #20,F-USA_2023.xml
9089,Formula USA 2023,Formula USA 2023,F-USA 2023 #21,F-USA_2023.xml
9089,Formula USA 2023,Formula USA 2023,F-USA 2023 #22,F-USA_2023.xml
9089,Formula USA 2023,Formula USA 2023,F-USA 2023 #23,F-USA_2023.xml
9089,Formula USA 2023,Formula USA 2023,F-USA 2023 #24,F-USA_2023.xml
9089,Formula USA 2023,Formula USA 2023,F-USA 2023 #25,F-USA_2023.xml
9089,Formula USA 2023,Formula USA 2023,F-USA 2023 #34,F-USA_2023.xml
9089,Formula USA 2023,Formula USA 2023,F-USA 2023 #45,F-USA_2023.xml
9089,Formula USA 2023,Formula USA 2023,F-USA 2023 #51,F-USA_2023.xml
9089,Formula USA 2023,Formula USA 2023,F-USA 2023 #55,F-USA_2023.xml
9089,Formula USA 2023,Formula USA 2023,F-USA 2023 #62,F-USA_2023.xml
9089,Formula USA 2023,Formula USA 2023,F-USA 2023 #74,F-USA_2023.xml
9089,Formula USA 2023,Formula USA 2023,F-USA 2023 #85,F-USA_2023.xml
9089,Formula USA 2023,Formula USA 2023,F-USA 2023 #92,F-USA_2023.xml
9090,Formula V10 Gen1,Formula V10 Gen 1,Bolt G.P. #2,F-V10_Gen1.xml
9090,Formula V10 Gen1,Formula V10 Gen 1,Bolt G.P. #3,F-V10_Gen1.xml
9090,Formula V10 Gen1,Formula V10 Gen 1,Didcot Racing #8,F-V10_Gen1.xml
9090,Formula V10 Gen1,Formula V10 Gen 1,Didcot Racing #9,F-V10_Gen1.xml
9090,Formula V10 Gen1,Formula V10 Gen 1,Lione G.P. #6,F-V10_Gen1.xml
9090,Formula V10 Gen1,Formula V10 Gen 1,Lione G.P. #7,F-V10_Gen1.xml
9090,Formula V10 Gen1,Formula V10 Gen 1,McLaren MP412 #10,F-V10_Gen1.xml
9090,Formula V10 Gen1,Formula V10 Gen 1,McLaren MP412 #9,F-V10_Gen1.xml
9090,Formula V10 Gen1,Formula V10 Gen 1,Paddy G.P. #12,F-V10_Gen1.xml
9090,Formula V10 Gen1,Formula V10 Gen 1,Paddy G.P. #14,F-V10_Gen1.xml
9090,Formula V10 Gen1,Formula V10 Gen 1,Scuderia Faenza Girardi #0,F-V10_Gen1.xml
9090,Formula V10 Gen1,Formula V10 Gen 1,Scuderia Faenza Girardi #1,F-V10_Gen1.xml
9090,Formula V10 Gen1,Formula V10 Gen 1,Scuderia Forza #4,F-V10_Gen1.xml
9090,Formula V10 Gen1,Formula V10 Gen 1,Scuderia Forza #5,F-V10_Gen1.xml
9090,Formula V10 Gen1,Formula V10 Gen 1,Stedman G.P. #17,F-V10_Gen1.xml
9090,Formula V10 Gen1,Formula V10 Gen 1,Stedman G.P. #18,F-V10_Gen1.xml
9090,Formula V10 Gen1,Formula V10 Gen 1,Surrey Racing #15,F-V10_Gen1.xml
9090,Formula V10 Gen1,Formula V10 Gen 1,Surrey Racing #16,F-V10_Gen1.xml
9090,Formula V10 Gen1,Formula V10 Gen 1,United Racing #19,F-V10_Gen1.xml
9090,Formula V10 Gen1,Formula V10 Gen 1,United Racing #20,F-V10_Gen1.xml
9090,Formula V10 Gen1,Formula V10 Gen 1,Zir-Win Motorsport #10,F-V10_Gen1.xml
9090,Formula V10 Gen1,Formula V10 Gen 1,Zir-Win Motorsport #11,F-V10_Gen1.xml
9091,McLaren MP4/12,Formula V10 Gen 1,McLaren MP412 Testcar #10,F-V10_Gen1.xml
9091,McLaren MP4/12,Formula V10 Gen 1,McLaren MP412 Testcar #9,F-V10_Gen1.xml
9092,Formula V10 Gen2,Formula V10 Gen 2,Bolt G.P. #22,F-V10_Gen2.xml
9092,Formula V10 Gen2,Formula V10 Gen 2,Bolt G.P. #23,F-V10_Gen2.xml
9092,Formula V10 Gen2,Formula V10 Gen 2,Paddy G.P. #10,F-V10_Gen2.xml
9092,Formula V10 Gen2,Formula V10 Gen 2,Paddy G.P. #9,F-V10_Gen2.xml
9092,Formula V10 Gen2,Formula V10 Gen 2,Scuderia Forza #20,F-V10_Gen2.xml
9092,Formula V10 Gen2,Formula V10 Gen 2,Scuderia Forza #21,F-V10_Gen2.xml
9092,Formula V10 Gen2,Formula V10 Gen 2,TAB Racing #24,F-V10_Gen2.xml
9092,Formula V10 Gen2,Formula V10 Gen 2,TAB Racing #25,F-V10_Gen2.xml
9092,Formula V10 Gen2,Formula V10 Gen 2,Zir-Win Motorsport #18,F-V10_Gen2.xml
9092,Formula V10 Gen2,Formula V10 Gen 2,Zir-Win Motorsport #19,F-V10_Gen2.xml
9093,Formula V12,Formula V12,Didcot Racing #18 - Community Skin,F-V12.xml
9093,Formula V12,Formula V12,Didcot Racing #19 - Community Skin,F-V12.xml
9093,Formula V12,Formula V12,EuroTech Racing #5 - Community Skin,F-V12.xml
9093,Formula V12,Formula V12,EuroTech Racing #6 - Community Skin,F-V12.xml
9093,Formula V12,Formula V12,Fortelli #12,F-V12.xml
9093,Formula V12,Formula V12,Fortelli #13,F-V12.xml
9093,Formula V12,Formula V12,Full Force Racing #10 - Community Skin,F-V12.xml
9093,Formula V12,Formula V12,Full Force Racing #11 - Community Skin,F-V12.xml
9093,Formula V12,Formula V12,Lione G.P. #3,F-V12.xml
9093,Formula V12,Formula V12,Lione G.P. #4,F-V12.xml
9093,Formula V12,Formula V12,McLean G.P. #1,F-V12.xml
9093,Formula V12,Formula V12,McLean G.P. #2,F-V12.xml
9093,Formula V12,Formula V12,Paddy G.P. #25,F-V12.xml
9093,Formula V12,Formula V12,Paddy G.P. #26,F-V12.xml
9093,Formula V12,Formula V12,Scuderia Faenza Girardi #29,F-V12.xml
9093,Formula V12,Formula V12,Scuderia Faenza Girardi #30,F-V12.xml
9093,Formula V12,Formula V12,Scuderia Forza #7,F-V12.xml
9093,Formula V12,Formula V12,Scuderia Forza #8,F-V12.xml
9093,Formula V12,Formula V12,Strike G.P. #14,F-V12.xml
9093,Formula V12,Formula V12,Strike G.P. #15,F-V12.xml
9093,Formula V12,Formula V12,Surrey Racing #16,F-V12.xml
9093,Formula V12,Formula V12,Surrey Racing #17,F-V12.xml
9093,Formula V12,Formula V12,United Racing #22 - Community Skin,F-V12.xml
9093,Formula V12,Formula V12,United Racing #23 - Community Skin,F-V12.xml
9093,Formula V12,Formula V12,Zir-Win Motorsport #66 - Community Skin,F-V12.xml
9093,Formula V12,Formula V12,Zir-Win Motorsport #69 - Community Skin,F-V12.xml
9094,Formula Vintage Gen1 Model1,Formula Vintage Gen 1,Bradley Motorsports #5,F-Vintage_Gen1.xml
9094,Formula Vintage Gen1 Model1,Formula Vintage Gen 1,Bradley Motorsports #6,F-Vintage_Gen1.xml
9094,Formula Vintage Gen1 Model1,Formula Vintage Gen 1,McLean G.P. #17,F-Vintage_Gen1.xml
9094,Formula Vintage Gen1 Model1,Formula Vintage Gen 1,McLean G.P. #18,F-Vintage_Gen1.xml
9094,Formula Vintage Gen1 Model1,Formula Vintage Gen 1,North Racing #15,F-Vintage_Gen1.xml
9094,Formula Vintage Gen1 Model1,Formula Vintage Gen 1,North Racing #16,F-Vintage_Gen1.xml
9094,Formula Vintage Gen1 Model1,Formula Vintage Gen 1,Royal Motorsports #19,F-Vintage_Gen1.xml
9094,Formula Vintage Gen1 Model1,Formula Vintage Gen 1,Royal Motorsports #20,F-Vintage_Gen1.xml
9094,Formula Vintage Gen1 Model1,Formula Vintage Gen 1,Team Hornsey #13,F-Vintage_Gen1.xml
9094,Formula Vintage Gen1 Model1,Formula Vintage Gen 1,Team Hornsey #14,F-Vintage_Gen1.xml
9095,Formula Vintage Gen1 Model2,Formula Vintage Gen 1,Copper Motor Engineering #10,F-Vintage_Gen1.xml
9095,Formula Vintage Gen1 Model2,Formula Vintage Gen 1,Copper Motor Engineering #9,F-Vintage_Gen1.xml
9095,Formula Vintage Gen1 Model2,Formula Vintage Gen 1,Dank Racing #2,F-Vintage_Gen1.xml
9095,Formula Vintage Gen1 Model2,Formula Vintage Gen 1,EMS Racing #3,F-Vintage_Gen1.xml
9095,Formula Vintage Gen1 Model2,Formula Vintage Gen 1,EMS Racing #4,F-Vintage_Gen1.xml
9095,Formula Vintage Gen1 Model2,Formula Vintage Gen 1,Hoshino Racing Team #1,F-Vintage_Gen1.xml
9095,Formula Vintage Gen1 Model2,Formula Vintage Gen 1,Pheonix West Racing #11,F-Vintage_Gen1.xml
9095,Formula Vintage Gen1 Model2,Formula Vintage Gen 1,Pheonix West Racing #12,F-Vintage_Gen1.xml
9095,Formula Vintage Gen1 Model2,Formula Vintage Gen 1,Scuderia Forza #7,F-Vintage_Gen1.xml
9095,Formula Vintage Gen1 Model2,Formula Vintage Gen 1,Scuderia Forza #8,F-Vintage_Gen1.xml
9096,Brabham BT26A,Formula Vintage Gen 2,Frankfurt Racing #19,F-Vintage_Gen2.xml
9096,Brabham BT26A,Formula Vintage Gen 2,Frankfurt Racing #20,F-Vintage_Gen2.xml
9096,Brabham BT26A,Formula Vintage Gen 2,Motor Racing Developments Ltd #3,F-Vintage_Gen2.xml
9096,Brabham BT26A,Formula Vintage Gen 2,Motor Racing Developments Ltd #4,F-Vintage_Gen2.xml
9097,Formula Vintage Gen2 Model1,Formula Vintage Gen 2,Crown Motorsports #5,F-Vintage_Gen2.xml
9097,Formula Vintage Gen2 Model1,Formula Vintage Gen 2,Crown Motorsports #6,F-Vintage_Gen2.xml
9097,Formula Vintage Gen2 Model1,Formula Vintage Gen 2,EMS Racing #1,F-Vintage_Gen2.xml
9097,Formula Vintage Gen2 Model1,Formula Vintage Gen 2,EMS Racing #2,F-Vintage_Gen2.xml
9097,Formula Vintage Gen2 Model1,Formula Vintage Gen 2,McLean G.P. #7,F-Vintage_Gen2.xml
9097,Formula Vintage Gen2 Model1,Formula Vintage Gen 2,McLean G.P. #8,F-Vintage_Gen2.xml
9097,Formula Vintage Gen2 Model1,Formula Vintage Gen 2,Trent Motorsports #11,F-Vintage_Gen2.xml
9097,Formula Vintage Gen2 Model1,Formula Vintage Gen 2,Trent Motorsports #12,F-Vintage_Gen2.xml
9098,Formula Vintage Gen2 Model2,Formula Vintage Gen 2,Dank Racing #21,F-Vintage_Gen2.xml
9098,Formula Vintage Gen2 Model2,Formula Vintage Gen 2,Dank Racing #22,F-Vintage_Gen2.xml
9098,Formula Vintage Gen2 Model2,Formula Vintage Gen 2,North Racing #15,F-Vintage_Gen2.xml
9098,Formula Vintage Gen2 Model2,Formula Vintage Gen 2,North Racing #16,F-Vintage_Gen2.xml
9098,Formula Vintage Gen2 Model2,Formula Vintage Gen 2,Rich Racing #17,F-Vintage_Gen2.xml
9098,Formula Vintage Gen2 Model2,Formula Vintage Gen 2,Rich Racing #18,F-Vintage_Gen2.xml
9098,Formula Vintage Gen2 Model2,Formula Vintage Gen 2,Royal Motorsports #13,F-Vintage_Gen2.xml
9098,Formula Vintage Gen2 Model2,Formula Vintage Gen 2,Royal Motorsports #14,F-Vintage_Gen2.xml
9098,Formula Vintage Gen2 Model2,Formula Vintage Gen 2,Scuderia Forza #10,F-Vintage_Gen2.xml
9098,Formula Vintage Gen2 Model2,Formula Vintage Gen 2,Scuderia Forza #9,F-Vintage_Gen2.xml
9099,Lotus Type 49C,Formula Vintage Gen 2,Team Lotus #15,F-Vintage_Gen2.xml
9099,Lotus Type 49C,Formula Vintage Gen 2,Team Lotus #16,F-Vintage_Gen2.xml
9099,Lotus Type 49C,Formula Vintage Gen 2,Team Lotus #2,F-Vintage_Gen2.xml
9099,Lotus Type 49C,Formula Vintage Gen 2,Team Lotus #3,F-Vintage_Gen2.xml
9100,Fórmula Inter MG15,Formula Inter,F.Inter MG-15 #00,F-Inter.xml
9100,Fórmula Inter MG15,Formula Inter,F.Inter MG-15 #1,F-Inter.xml
9100,Fórmula Inter MG15,Formula Inter,F.Inter MG-15 #11,F-Inter.xml
9100,Fórmula Inter MG15,Formula Inter,F.Inter MG-15 #12,F-Inter.xml
9100,Fórmula Inter MG15,Formula Inter,F.Inter MG-15 #13,F-Inter.xml
9100,Fórmula Inter MG15,Formula Inter,F.Inter MG-15 #18,F-Inter.xml
9100,Fórmula Inter MG15,Formula Inter,F.Inter MG-15 #19,F-Inter.xml
9100,Fórmula Inter MG15,Formula Inter,F.Inter MG-15 #2,F-Inter.xml
9100,Fórmula Inter MG15,Formula Inter,F.Inter MG-15 #20,F-Inter.xml
9100,Fórmula Inter MG15,Formula Inter,F.Inter MG-15 #31,F-Inter.xml
9100,Fórmula Inter MG15,Formula Inter,F.Inter MG-15 #33,F-Inter.xml
9100,Fórmula Inter MG15,Formula Inter,F.Inter MG-15 #36,F-Inter.xml
9100,Fórmula Inter MG15,Formula Inter,F.Inter MG-15 #3a,F-Inter.xml
9100,Fórmula Inter MG15,Formula Inter,F.Inter MG-15 #3b,F-Inter.xml
9100,Fórmula Inter MG15,Formula Inter,F.Inter MG-15 #4,F-Inter.xml
9100,Fórmula Inter MG15,Formula Inter,F.Inter MG-15 #42,F-Inter.xml
9100,Fórmula Inter MG15,Formula Inter,F.Inter MG-15 #6,F-Inter.xml
9100,Fórmula Inter MG15,Formula Inter,F.Inter MG-15 #7,F-Inter.xml
9100,Fórmula Inter MG15,Formula Inter,F.Inter MG-15 #82,F-Inter.xml
9100,Fórmula Inter MG15,Formula Inter,F.Inter MG-15 #91,F-Inter.xml
9100,Fórmula Inter MG15,Formula Inter,F.Inter MG-15 #99,F-Inter.xml
9101,Formula Vee Gen1,Formula Vee Brazil Gen 1,2018 Promo livery #7,F-Vee.xml
9101,Formula Vee Gen1,Formula Vee Brazil Gen 1,Andre Suenaga #10,F-Vee.xml
9101,Formula Vee Gen1,Formula Vee Brazil Gen 1,Andrey Valerio #18,F-Vee.xml
9101,Formula Vee Gen1,Formula Vee Brazil Gen 1,Antonio Vieira Souza #17,F-Vee.xml
9101,Formula Vee Gen1,Formula Vee Brazil Gen 1,Augusto Santin #33,F-Vee.xml
9101,Formula Vee Gen1,Formula Vee Brazil Gen 1,Daniel Rienda #5,F-Vee.xml
9101,Formula Vee Gen1,Formula Vee Brazil Gen 1,Dave Sharp #16,F-Vee.xml
9101,Formula Vee Gen1,Formula Vee Brazil Gen 1,Elisio Netto #12,F-Vee.xml
9101,Formula Vee Gen1,Formula Vee Brazil Gen 1,Francisco Costa #57,F-Vee.xml
9101,Formula Vee Gen1,Formula Vee Brazil Gen 1,Joao Pedro Maia #200,F-Vee.xml
9101,Formula Vee Gen1,Formula Vee Brazil Gen 1,Lucas Veloso #96,F-Vee.xml
9101,Formula Vee Gen1,Formula Vee Brazil Gen 1,Luis Albinati #13,F-Vee.xml
9101,Formula Vee Gen1,Formula Vee Brazil Gen 1,Luiz Costa #75,F-Vee.xml
9101,Formula Vee Gen1,Formula Vee Brazil Gen 1,Paulo Campaneli #32,F-Vee.xml
9101,Formula Vee Gen1,Formula Vee Brazil Gen 1,Pedro Fachini #06,F-Vee.xml
9101,Formula Vee Gen1,Formula Vee Brazil Gen 1,Renan Casseta #08,F-Vee.xml
9101,Formula Vee Gen1,Formula Vee Brazil Gen 1,Ricardo Cury #01,F-Vee.xml
9101,Formula Vee Gen1,Formula Vee Brazil Gen 1,Saulo Soares #09,F-Vee.xml
9101,Formula Vee Gen1,Formula Vee Brazil Gen 1,Thiago Vaz #2,F-Vee.xml
9101,Formula Vee Gen1,Formula Vee Brazil Gen 1,Trevor Carmody #3,F-Vee.xml
9101,Formula Vee Gen1,Formula Vee Brazil Gen 1,Wallace Martins #21,F-Vee.xml
9102,Formula Vee Gen1 Fin,Formula Vee Brazil Gen 1,2018 Promo livery #7,F-Vee.xml
9102,Formula Vee Gen1 Fin,Formula Vee Brazil Gen 1,Andre Suenaga #10,F-Vee.xml
9102,Formula Vee Gen1 Fin,Formula Vee Brazil Gen 1,Andrey Valerio #18,F-Vee.xml
9102,Formula Vee Gen1 Fin,Formula Vee Brazil Gen 1,Antonio Vieira Souza #17,F-Vee.xml
9102,Formula Vee Gen1 Fin,Formula Vee Brazil Gen 1,Augusto Santin #33,F-Vee.xml
9102,Formula Vee Gen1 Fin,Formula Vee Brazil Gen 1,Daniel Rienda #5,F-Vee.xml
9102,Formula Vee Gen1 Fin,Formula Vee Brazil Gen 1,Dave Sharp #16,F-Vee.xml
9102,Formula Vee Gen1 Fin,Formula Vee Brazil Gen 1,Elisio Netto #12,F-Vee.xml
9102,Formula Vee Gen1 Fin,Formula Vee Brazil Gen 1,Francisco Costa #57,F-Vee.xml
9102,Formula Vee Gen1 Fin,Formula Vee Brazil Gen 1,Joao Pedro Maia #200,F-Vee.xml
9102,Formula Vee Gen1 Fin,Formula Vee Brazil Gen 1,Lucas Veloso #96,F-Vee.xml
9102,Formula Vee Gen1 Fin,Formula Vee Brazil Gen 1,Luis Albinati #13,F-Vee.xml
9102,Formula Vee Gen1 Fin,Formula Vee Brazil Gen 1,Luiz Costa #75,F-Vee.xml
9102,Formula Vee Gen1 Fin,Formula Vee Brazil Gen 1,Paulo Campaneli #32,F-Vee.xml
9102,Formula Vee Gen1 Fin,Formula Vee Brazil Gen 1,Pedro Fachini #06,F-Vee.xml
9102,Formula Vee Gen1 Fin,Formula Vee Brazil Gen 1,Renan Casseta #08,F-Vee.xml
9102,Formula Vee Gen1 Fin,Formula Vee Brazil Gen 1,Ricardo Cury #01,F-Vee.xml
9102,Formula Vee Gen1 Fin,Formula Vee Brazil Gen 1,Saulo Soares #09,F-Vee.xml
9102,Formula Vee Gen1 Fin,Formula Vee Brazil Gen 1,Thiago Vaz #2,F-Vee.xml
9102,Formula Vee Gen1 Fin,Formula Vee Brazil Gen 1,Trevor Carmody #3,F-Vee.xml
9102,Formula Vee Gen1 Fin,Formula Vee Brazil Gen 1,Wallace Martins #21,F-Vee.xml
9103,Formula Vee Gen2,Formula Vee Brazil Gen 2,Andre Crocci #6,F-Vee_Gen2.xml
9103,Formula Vee Gen2,Formula Vee Brazil Gen 2,Augusto Aguila #12,F-Vee_Gen2.xml
9103,Formula Vee Gen2,Formula Vee Brazil Gen 2,Claudio Reina #99,F-Vee_Gen2.xml
9103,Formula Vee Gen2,Formula Vee Brazil Gen 2,Davi Oliveira #86,F-Vee_Gen2.xml
9103,Formula Vee Gen2,Formula Vee Brazil Gen 2,Davi Osachuki #35,F-Vee_Gen2.xml
9103,Formula Vee Gen2,Formula Vee Brazil Gen 2,David D'amico #77,F-Vee_Gen2.xml
9103,Formula Vee Gen2,Formula Vee Brazil Gen 2,Diogenes Rodrigues #90,F-Vee_Gen2.xml
9103,Formula Vee Gen2,Formula Vee Brazil Gen 2,Edmar Silva #40,F-Vee_Gen2.xml
9103,Formula Vee Gen2,Formula Vee Brazil Gen 2,F. Monteiro #10,F-Vee_Gen2.xml
9103,Formula Vee Gen2,Formula Vee Brazil Gen 2,Gabriel Andrade #99,F-Vee_Gen2.xml
9103,Formula Vee Gen2,Formula Vee Brazil Gen 2,Gabriel Reis #71,F-Vee_Gen2.xml
9103,Formula Vee Gen2,Formula Vee Brazil Gen 2,Guilherme Putnoki #7,F-Vee_Gen2.xml
9103,Formula Vee Gen2,Formula Vee Brazil Gen 2,Jackson Brito #3,F-Vee_Gen2.xml
9103,Formula Vee Gen2,Formula Vee Brazil Gen 2,Jairo Rozenblit #18,F-Vee_Gen2.xml
9103,Formula Vee Gen2,Formula Vee Brazil Gen 2,Joao Dante #128,F-Vee_Gen2.xml
9103,Formula Vee Gen2,Formula Vee Brazil Gen 2,Joao Ramalho #1,F-Vee_Gen2.xml
9103,Formula Vee Gen2,Formula Vee Brazil Gen 2,Kleber Rocha #00,F-Vee_Gen2.xml
9103,Formula Vee Gen2,Formula Vee Brazil Gen 2,Ladir Almada #11,F-Vee_Gen2.xml
9103,Formula Vee Gen2,Formula Vee Brazil Gen 2,Leonil Zanoello #9,F-Vee_Gen2.xml
9103,Formula Vee Gen2,Formula Vee Brazil Gen 2,Levi Simoes #44,F-Vee_Gen2.xml
9103,Formula Vee Gen2,Formula Vee Brazil Gen 2,Lucas Veloso #19,F-Vee_Gen2.xml
9103,Formula Vee Gen2,Formula Vee Brazil Gen 2,Lucas Veloso #999,F-Vee_Gen2.xml
9103,Formula Vee Gen2,Formula Vee Brazil Gen 2,Marcelo Medici #33,F-Vee_Gen2.xml
9103,Formula Vee Gen2,Formula Vee Brazil Gen 2,Marco Aurelio #76,F-Vee_Gen2.xml
9103,Formula Vee Gen2,Formula Vee Brazil Gen 2,Ollie Paludo #777,F-Vee_Gen2.xml
9103,Formula Vee Gen2,Formula Vee Brazil Gen 2,Rafael Marques #48,F-Vee_Gen2.xml
9103,Formula Vee Gen2,Formula Vee Brazil Gen 2,Rodrigo Prado #5,F-Vee_Gen2.xml
9103,Formula Vee Gen2,Formula Vee Brazil Gen 2,Vinicius Andrade #30,F-Vee_Gen2.xml
9103,Formula Vee Gen2,Formula Vee Brazil Gen 2,Vinicius Vilela #82,F-Vee_Gen2.xml
9103,Formula Vee Gen2,Formula Vee Brazil Gen 2,Vinicius Vilella #82,F-Vee_Gen2.xml
9103,Formula Vee Gen2,Formula Vee Brazil Gen 2,Waldibio Ferraz #8,F-Vee_Gen2.xml
9103,Formula Vee Gen2,Formula Vee Brazil Gen 2,Wellington Godoy #23,F-Vee_Gen2.xml
9104,Formula Trainer,Formula Trainer,Formula Trainer #1,F-Trainer.xml
9104,Formula Trainer,Formula Trainer,Formula Trainer #10,F-Trainer.xml
9104,Formula Trainer,Formula Trainer,Formula Trainer #11,F-Trainer.xml
9104,Formula Trainer,Formula Trainer,Formula Trainer #12,F-Trainer.xml
9104,Formula Trainer,Formula Trainer,Formula Trainer #13,F-Trainer.xml
9104,Formula Trainer,Formula Trainer,Formula Trainer #14,F-Trainer.xml
9104,Formula Trainer,Formula Trainer,Formula Trainer #15,F-Trainer.xml
9104,Formula Trainer,Formula Trainer,Formula Trainer #16,F-Trainer.xml
9104,Formula Trainer,Formula Trainer,Formula Trainer #17,F-Trainer.xml
9104,Formula Trainer,Formula Trainer,Formula Trainer #18,F-Trainer.xml
9104,Formula Trainer,Formula Trainer,Formula Trainer #19,F-Trainer.xml
9104,Formula Trainer,Formula Trainer,Formula Trainer #2,F-Trainer.xml
9104,Formula Trainer,Formula Trainer,Formula Trainer #20,F-Trainer.xml
9104,Formula Trainer,Formula Trainer,Formula Trainer #21 - J.Ramos Skin,F-Trainer.xml
9104,Formula Trainer,Formula Trainer,Formula Trainer #22 - F.Scomasson Skin,F-Trainer.xml
9104,Formula Trainer,Formula Trainer,Formula Trainer #23 - N.Otten Skin,F-Trainer.xml
9104,Formula Trainer,Formula Trainer,Formula Trainer #24 - N.Gonçalves Skin,F-Trainer.xml
9104,Formula Trainer,Formula Trainer,Formula Trainer #25,F-Trainer.xml
9104,Formula Trainer,Formula Trainer,Formula Trainer #26,F-Trainer.xml
9104,Formula Trainer,Formula Trainer,Formula Trainer #3,F-Trainer.xml
9104,Formula Trainer,Formula Trainer,Formula Trainer #33,F-Trainer.xml
9104,Formula Trainer,Formula Trainer,Formula Trainer #4,F-Trainer.xml
9104,Formula Trainer,Formula Trainer,Formula Trainer #5,F-Trainer.xml
9104,Formula Trainer,Formula Trainer,Formula Trainer #6,F-Trainer.xml
9104,Formula Trainer,Formula Trainer,Formula Trainer #7,F-Trainer.xml
9104,Formula Trainer,Formula Trainer,Formula Trainer #8,F-Trainer.xml
9104,Formula Trainer,Formula Trainer,Formula Trainer #9,F-Trainer.xml
9105,Formula Trainer Advanced,Formula Trainer Advanced,Formula Trainer A #21 - J.Ramos Skin,F-Trainer_A.xml
9105,Formula Trainer Advanced,Formula Trainer Advanced,Formula Trainer A #22 - F.Scomasson Skin,F-Trainer_A.xml
9105,Formula Trainer Advanced,Formula Trainer Advanced,Formula Trainer A #23 - N.Otten Skin,F-Trainer_A.xml
9105,Formula Trainer Advanced,Formula Trainer Advanced,Formula Trainer A #24 - N.Gonçalves Skin,F-Trainer_A.xml
9105,Formula Trainer Advanced,Formula Trainer Advanced,Formula Trainer Advance #1,F-Trainer_A.xml
9105,Formula Trainer Advanced,Formula Trainer Advanced,Formula Trainer Advance #10,F-Trainer_A.xml
9105,Formula Trainer Advanced,Formula Trainer Advanced,Formula Trainer Advance #11,F-Trainer_A.xml
9105,Formula Trainer Advanced,Formula Trainer Advanced,Formula Trainer Advance #12,F-Trainer_A.xml
9105,Formula Trainer Advanced,Formula Trainer Advanced,Formula Trainer Advance #13,F-Trainer_A.xml
9105,Formula Trainer Advanced,Formula Trainer Advanced,Formula Trainer Advance #14,F-Trainer_A.xml
9105,Formula Trainer Advanced,Formula Trainer Advanced,Formula Trainer Advance #15,F-Trainer_A.xml
9105,Formula Trainer Advanced,Formula Trainer Advanced,Formula Trainer Advance #16,F-Trainer_A.xml
9105,Formula Trainer Advanced,Formula Trainer Advanced,Formula Trainer Advance #17,F-Trainer_A.xml
9105,Formula Trainer Advanced,Formula Trainer Advanced,Formula Trainer Advance #18,F-Trainer_A.xml
9105,Formula Trainer Advanced,Formula Trainer Advanced,Formula Trainer Advance #19,F-Trainer_A.xml
9105,Formula Trainer Advanced,Formula Trainer Advanced,Formula Trainer Advance #2,F-Trainer_A.xml
9105,Formula Trainer Advanced,Formula Trainer Advanced,Formula Trainer Advance #20,F-Trainer_A.xml
9105,Formula Trainer Advanced,Formula Trainer Advanced,Formula Trainer Advance #25,F-Trainer_A.xml
9105,Formula Trainer Advanced,Formula Trainer Advanced,Formula Trainer Advance #26,F-Trainer_A.xml
9105,Formula Trainer Advanced,Formula Trainer Advanced,Formula Trainer Advance #3,F-Trainer_A.xml
9105,Formula Trainer Advanced,Formula Trainer Advanced,Formula Trainer Advance #33,F-Trainer_A.xml
9105,Formula Trainer Advanced,Formula Trainer Advanced,Formula Trainer Advance #4,F-Trainer_A.xml
9105,Formula Trainer Advanced,Formula Trainer Advanced,Formula Trainer Advance #5,F-Trainer_A.xml
9105,Formula Trainer Advanced,Formula Trainer Advanced,Formula Trainer Advance #6,F-Trainer_A.xml
9105,Formula Trainer Advanced,Formula Trainer Advanced,Formula Trainer Advance #7,F-Trainer_A.xml
9105,Formula Trainer Advanced,Formula Trainer Advanced,Formula Trainer Advance #8,F-Trainer_A.xml
9105,Formula Trainer Advanced,Formula Trainer Advanced,Formula Trainer Advance #9,F-Trainer_A.xml
9106,Ginetta G40,Ginetta G40 Cup,Ginetta G40 Cup #01,G40Cup.xml
9106,Ginetta G40,Ginetta G40 Cup,Ginetta G40 Cup #02,G40Cup.xml
9106,Ginetta G40,Ginetta G40 Cup,Ginetta G40 Cup #05,G40Cup.xml
9106,Ginetta G40,Ginetta G40 Cup,Ginetta G40 Cup #09,G40Cup.xml
9106,Ginetta G40,Ginetta G40 Cup,Ginetta G40 Cup #10,G40Cup.xml
9106,Ginetta G40,Ginetta G40 Cup,Ginetta G40 Cup #17,G40Cup.xml
9106,Ginetta G40,Ginetta G40 Cup,Ginetta G40 Cup #22,G40Cup.xml
9106,Ginetta G40,Ginetta G40 Cup,Ginetta G40 Cup #25,G40Cup.xml
9106,Ginetta G40,Ginetta G40 Cup,Ginetta G40 Cup #27,G40Cup.xml
9106,Ginetta G40,Ginetta G40 Cup,Ginetta G40 Cup #28,G40Cup.xml
9106,Ginetta G40,Ginetta G40 Cup,Ginetta G40 Cup #32,G40Cup.xml
9106,Ginetta G40,Ginetta G40 Cup,Ginetta G40 Cup #34,G40Cup.xml
9106,Ginetta G40,Ginetta G40 Cup,Ginetta G40 Cup #38,G40Cup.xml
9106,Ginetta G40,Ginetta G40 Cup,Ginetta G40 Cup #42,G40Cup.xml
9106,Ginetta G40,Ginetta G40 Cup,Ginetta G40 Cup #46,G40Cup.xml
9106,Ginetta G40,Ginetta G40 Cup,Ginetta G40 Cup #50,G40Cup.xml
9106,Ginetta G40,Ginetta G40 Cup,Ginetta G40 Cup #53,G40Cup.xml
9106,Ginetta G40,Ginetta G40 Cup,Ginetta G40 Cup #58,G40Cup.xml
9106,Ginetta G40,Ginetta G40 Cup,Ginetta G40 Cup #62,G40Cup.xml
9106,Ginetta G40,Ginetta G40 Cup,Ginetta G40 Cup #66,G40Cup.xml
9106,Ginetta G40,Ginetta G40 Cup,Ginetta G40 Cup #77,G40Cup.xml
9106,Ginetta G40,Ginetta G40 Cup,Ginetta G40 Cup #88,G40Cup.xml
9106,Ginetta G40,Ginetta G40 Cup,Ginetta G40 Cup #92,G40Cup.xml
9107,Ginetta G55,Ginetta G55 Supercup,Artenova Motorsport #18,G55Supercup.xml
9107,Ginetta G55,Ginetta G55 Supercup,Artenova Motorsport #19,G55Supercup.xml
9107,Ginetta G55,Ginetta G55 Supercup,Cobra Force Racing #98,G55Supercup.xml
9107,Ginetta G55,Ginetta G55 Supercup,Cobra Force Racing #99,G55Supercup.xml
9107,Ginetta G55,Ginetta G55 Supercup,De'Weiss Autosports #00,G55Supercup.xml
9107,Ginetta G55,Ginetta G55 Supercup,De'Weiss Autosports #01,G55Supercup.xml
9107,Ginetta G55,Ginetta G55 Supercup,Dominilab Motor Racing #113,G55Supercup.xml
9107,Ginetta G55,Ginetta G55 Supercup,Dominilab Motor Racing #114,G55Supercup.xml
9107,Ginetta G55,Ginetta G55 Supercup,EasyData Racing #79,G55Supercup.xml
9107,Ginetta G55,Ginetta G55 Supercup,EasyData Racing #80,G55Supercup.xml
9107,Ginetta G55,Ginetta G55 Supercup,Firenze Autosports #116,G55Supercup.xml
9107,Ginetta G55,Ginetta G55 Supercup,Firenze Autosports #117,G55Supercup.xml
9107,Ginetta G55,Ginetta G55 Supercup,GRNDWRK Racing #67,G55Supercup.xml
9107,Ginetta G55,Ginetta G55 Supercup,GRNDWRK Racing #71,G55Supercup.xml
9107,Ginetta G55,Ginetta G55 Supercup,Index Motors #83,G55Supercup.xml
9107,Ginetta G55,Ginetta G55 Supercup,Index Motors #84,G55Supercup.xml
9107,Ginetta G55,Ginetta G55 Supercup,U-Drive Motorsport #89,G55Supercup.xml
9107,Ginetta G55,Ginetta G55 Supercup,U-Drive Motorsport #90,G55Supercup.xml
9107,Ginetta G55,Ginetta G55 Supercup,Valerio Racing #13,G55Supercup.xml
9107,Ginetta G55,Ginetta G55 Supercup,Valerio Racing #14,G55Supercup.xml
9107,Ginetta G55,Ginetta G55 Supercup,Veloce Racing #59,G55Supercup.xml
9107,Ginetta G55,Ginetta G55 Supercup,Veloce Racing #60,G55Supercup.xml
9107,Ginetta G55,Ginetta G55 Supercup,Voltacel Racing #26,G55Supercup.xml
9107,Ginetta G55,Ginetta G55 Supercup,Voltacel Racing #27,G55Supercup.xml
9108,Audi V8 quattro DTM,Group A,Audi V8 quattro DTM #1,Group A.xml
9108,Audi V8 quattro DTM,Group A,Audi V8 quattro DTM #13,Group A.xml
9108,Audi V8 quattro DTM,Group A,Audi V8 quattro DTM #14,Group A.xml
9108,Audi V8 quattro DTM,Group A,Audi V8 quattro DTM #17,Group A.xml
9108,Audi V8 quattro DTM,Group A,Audi V8 quattro DTM #2,Group A.xml
9108,Audi V8 quattro DTM,Group A,Audi V8 quattro DTM #46,Group A.xml
9108,Audi V8 quattro DTM,Group A,Audi V8 quattro DTM #7,Group A.xml
9108,Audi V8 quattro DTM,Group A,Audi V8 quattro DTM #8,Group A.xml
9109,BMW M3 Sport Evo GrA,Group A,BKAF Autosports #33,Group A.xml
9109,BMW M3 Sport Evo GrA,Group A,BKAF Autosports #34,Group A.xml
9109,BMW M3 Sport Evo GrA,Group A,BMW Motorsport #11,Group A.xml
9109,BMW M3 Sport Evo GrA,Group A,BMW Motorsport #22,Group A.xml
9109,BMW M3 Sport Evo GrA,Group A,Schneider Sports #20,Group A.xml
9109,BMW M3 Sport Evo GrA,Group A,Schneider Sports #21,Group A.xml
9109,BMW M3 Sport Evo GrA,Group A,Team DT Racing #15,Group A.xml
9109,BMW M3 Sport Evo GrA,Group A,Team DT Racing #16,Group A.xml
9109,BMW M3 Sport Evo GrA,Group A,WeiBbierPetrocelli Racing #45,Group A.xml
9109,BMW M3 Sport Evo GrA,Group A,WeiBbierPetrocelli Racing #46,Group A.xml
9110,Mercedes-Benz 190E EVO 2 DTM,Group A,ALPS Motorsport #37,Group A.xml
9110,Mercedes-Benz 190E EVO 2 DTM,Group A,ALPS Motorsport #38,Group A.xml
9110,Mercedes-Benz 190E EVO 2 DTM,Group A,AMG Mercedes Berlin2000 #5,Group A.xml
9110,Mercedes-Benz 190E EVO 2 DTM,Group A,AMG Mercedes Berlin2000 #6,Group A.xml
9110,Mercedes-Benz 190E EVO 2 DTM,Group A,AMG Mercedes Sonax #3,Group A.xml
9110,Mercedes-Benz 190E EVO 2 DTM,Group A,AMG Mercedes Sonax #4,Group A.xml
9110,Mercedes-Benz 190E EVO 2 DTM,Group A,Dietrich Autosports #48,Group A.xml
9110,Mercedes-Benz 190E EVO 2 DTM,Group A,Dietrich Autosports #49,Group A.xml
9110,Mercedes-Benz 190E EVO 2 DTM,Group A,Green Spartan #26,Group A.xml
9110,Mercedes-Benz 190E EVO 2 DTM,Group A,Green Spartan #27,Group A.xml
9110,Mercedes-Benz 190E EVO 2 DTM,Group A,Team Midas Racing #10,Group A.xml
9110,Mercedes-Benz 190E EVO 2 DTM,Group A,Team Midas Racing #12,Group A.xml
9111,Chevrolet Corvette GTP,Group C,Chevrolet Corvette GTP #3,Group C.xml
9111,Chevrolet Corvette GTP,Group C,Chevrolet Corvette GTP #32,Group C.xml
9111,Chevrolet Corvette GTP,Group C,Chevrolet Corvette GTP #33,Group C.xml
9111,Chevrolet Corvette GTP,Group C,Chevrolet Corvette GTP #34,Group C.xml
9111,Chevrolet Corvette GTP,Group C,Chevrolet Corvette GTP #4,Group C.xml
9111,Chevrolet Corvette GTP,Group C,Chevrolet Corvette GTP #59,Group C.xml
9111,Chevrolet Corvette GTP,Group C,Chevrolet Corvette GTP #84,Group C.xml
9111,Chevrolet Corvette GTP,Group C,Chevrolet Corvette GTP #88,Group C.xml
9112,Nissan R89C,Group C,Nissan R89C #00,Group C.xml
9112,Nissan R89C,Group C,Nissan R89C #17,Group C.xml
9112,Nissan R89C,Group C,Nissan R89C #22,Group C.xml
9112,Nissan R89C,Group C,Nissan R89C #23,Group C.xml
9112,Nissan R89C,Group C,Nissan R89C #24,Group C.xml
9112,Nissan R89C,Group C,Nissan R89C #36,Group C.xml
9112,Nissan R89C,Group C,Nissan R89C #82,Group C.xml
9112,Nissan R89C,Group C,Nissan R89C #83,Group C.xml
9113,Porsche 962C,Group C,Phonoway Porsche Racing #55,Group C.xml
9113,Porsche 962C,Group C,Porsche AG Racing #1,Group C.xml
9113,Porsche 962C,Group C,Porsche AG Racing #2,Group C.xml
9113,Porsche 962C,Group C,Porsche Euro Cart Racing #18,Group C.xml
9113,Porsche 962C,Group C,RSGT Auto #86,Group C.xml
9113,Porsche 962C,Group C,Saxon BRS Racing #27,Group C.xml
9113,Porsche 962C,Group C,Schneider Gold Seal Motorsport #19,Group C.xml
9113,Porsche 962C,Group C,Sorte Total Racing #8,Group C.xml
9113,Porsche 962C,Group C,Tronik Porsche Racing #16,Group C.xml
9113,Porsche 962C,Group C,Vidtak Porsche Racing #7,Group C.xml
9114,Sauber Mercedes C9,Group C,Blistering Performance Auto #50,Group C.xml
9114,Sauber Mercedes C9,Group C,Bremen Mototsport #60,Group C.xml
9114,Sauber Mercedes C9,Group C,BRS Auto #65,Group C.xml
9114,Sauber Mercedes C9,Group C,Petrocelli Wakeman Racing #47,Group C.xml
9114,Sauber Mercedes C9,Group C,Piramide Mototsport #17,Group C.xml
9114,Sauber Mercedes C9,Group C,Sonnen Racing #43,Group C.xml
9114,Sauber Mercedes C9,Group C,Team AEGSPORT-TECHNIK #62,Group C.xml
9114,Sauber Mercedes C9,Group C,Team Centaur Investments #31,Group C.xml
9114,Sauber Mercedes C9,Group C,Team Sauber Mercedes #61,Group C.xml
9114,Sauber Mercedes C9,Group C,Tronik Engineering #21,Group C.xml
9115,Chevrolet Corvette C3.R,GT Classic,Chevrolet Corvette C3-R #12,TC70S.xml
9115,Chevrolet Corvette C3.R,GT Classic,Chevrolet Corvette C3-R #15,TC70S.xml
9115,Chevrolet Corvette C3.R,GT Classic,Chevrolet Corvette C3-R #16,TC70S.xml
9115,Chevrolet Corvette C3.R,GT Classic,Chevrolet Corvette C3-R #21,TC70S.xml
9115,Chevrolet Corvette C3.R,GT Classic,Chevrolet Corvette C3-R #32,TC70S.xml
9115,Chevrolet Corvette C3.R,GT Classic,Chevrolet Corvette C3-R #4,TC70S.xml
9115,Chevrolet Corvette C3.R,GT Classic,Chevrolet Corvette C3-R #50,TC70S.xml
9115,Chevrolet Corvette C3.R,GT Classic,Chevrolet Corvette C3-R #6,TC70S.xml
9115,Chevrolet Corvette C3.R,GT Classic,Chevrolet Corvette C3-R #8,TC70S.xml
9115,Chevrolet Corvette C3.R,GT Classic,Chevrolet Corvette C3-R #9,TC70S.xml
9116,Chevrolet Corvette C3.R Convertible,GT Classic,Chevrolet Corvette C3-R #13,TC70S.xml
9116,Chevrolet Corvette C3.R Convertible,GT Classic,Chevrolet Corvette C3-R #17,TC70S.xml
9116,Chevrolet Corvette C3.R Convertible,GT Classic,Chevrolet Corvette C3-R #18,TC70S.xml
9116,Chevrolet Corvette C3.R Convertible,GT Classic,Chevrolet Corvette C3-R #2,TC70S.xml
9116,Chevrolet Corvette C3.R Convertible,GT Classic,Chevrolet Corvette C3-R #22,TC70S.xml
9116,Chevrolet Corvette C3.R Convertible,GT Classic,Chevrolet Corvette C3-R #7,TC70S.xml
9117,Porsche 911 RSR,GT Classic,Porsche 911 RSR 74 #00,TC70S.xml
9117,Porsche 911 RSR,GT Classic,Porsche 911 RSR 74 #1,TC70S.xml
9117,Porsche 911 RSR,GT Classic,Porsche 911 RSR 74 #10,TC70S.xml
9117,Porsche 911 RSR,GT Classic,Porsche 911 RSR 74 #11,TC70S.xml
9117,Porsche 911 RSR,GT Classic,Porsche 911 RSR 74 #14,TC70S.xml
9117,Porsche 911 RSR,GT Classic,Porsche 911 RSR 74 #19,TC70S.xml
9117,Porsche 911 RSR,GT Classic,Porsche 911 RSR 74 #24,TC70S.xml
9117,Porsche 911 RSR,GT Classic,Porsche 911 RSR 74 #25,TC70S.xml
9117,Porsche 911 RSR,GT Classic,Porsche 911 RSR 74 #29,TC70S.xml
9117,Porsche 911 RSR,GT Classic,Porsche 911 RSR 74 #3,TC70S.xml
9117,Porsche 911 RSR,GT Classic,Porsche 911 RSR 74 #41,TC70S.xml
9117,Porsche 911 RSR,GT Classic,Porsche 911 RSR 74 #44,TC70S.xml
9117,Porsche 911 RSR,GT Classic,Porsche 911 RSR 74 #5,TC70S.xml
9117,Porsche 911 RSR,GT Classic,Porsche 911 RSR 74 #52,TC70S.xml
9117,Porsche 911 RSR,GT Classic,Porsche 911 RSR 74 #53,TC70S.xml
9117,Porsche 911 RSR,GT Classic,Porsche 911 RSR 74 #68,TC70S.xml
9117,Porsche 911 RSR,GT Classic,Porsche 911 RSR 74 #69,TC70S.xml
9117,Porsche 911 RSR,GT Classic,Porsche 911 RSR 74 #88,TC70S.xml
9118,Ginetta G55 GT3,GT Open,Ginetta G55 #10,GTOpen.xml
9118,Ginetta G55 GT3,GT Open,Ginetta G55 #11,GTOpen.xml
9118,Ginetta G55 GT3,GT Open,Ginetta G55 #13,GTOpen.xml
9118,Ginetta G55 GT3,GT Open,Ginetta G55 #14,GTOpen.xml
9118,Ginetta G55 GT3,GT Open,Ginetta G55 #15,GTOpen.xml
9118,Ginetta G55 GT3,GT Open,Ginetta G55 #16,GTOpen.xml
9118,Ginetta G55 GT3,GT Open,Ginetta G55 #19,GTOpen.xml
9119,Ultima GTR Race,GT Open,Bisley Autosports #17,GTOpen.xml
9119,Ultima GTR Race,GT Open,DKS Engineering #9,GTOpen.xml
9119,Ultima GTR Race,GT Open,Ginetta G55 #06,GTOpen.xml
9119,Ultima GTR Race,GT Open,Interlink M-Sport #3,GTOpen.xml
9119,Ultima GTR Race,GT Open,Interlink M-Sport #5,GTOpen.xml
9119,Ultima GTR Race,GT Open,JGT Racing #12,GTOpen.xml
9119,Ultima GTR Race,GT Open,Moorefield Motorsports #27,GTOpen.xml
9119,Ultima GTR Race,GT Open,Parkway Racing #35,GTOpen.xml
9119,Ultima GTR Race,GT Open,Parkway Racing #99,GTOpen.xml
9119,Ultima GTR Race,GT Open,RevLine Racing #32,GTOpen.xml
9119,Ultima GTR Race,GT Open,RevLine Racing #42,GTOpen.xml
9119,Ultima GTR Race,GT Open,Shenway GT #1,GTOpen.xml
9119,Ultima GTR Race,GT Open,Simmersons Motorsports #4,GTOpen.xml
9119,Ultima GTR Race,GT Open,Simmersons Motorsports #77,GTOpen.xml
9119,Ultima GTR Race,GT Open,Team eXtreme #2,GTOpen.xml
9119,Ultima GTR Race,GT Open,Team eXtreme #91,GTOpen.xml
9119,Ultima GTR Race,GT Open,Team NorthStar Cars #82,GTOpen.xml
9119,Ultima GTR Race,GT Open,Team Reiza #21,GTOpen.xml
9119,Ultima GTR Race,GT Open,Team Reiza #22,GTOpen.xml
9120,McLaren F1 GTR,GT1,McLaren F1 GTR #01,GT1.xml
9120,McLaren F1 GTR,GT1,McLaren F1 GTR #02,GT1.xml
9120,McLaren F1 GTR,GT1,McLaren F1 GTR #03,GT1.xml
9120,McLaren F1 GTR,GT1,McLaren F1 GTR #07,GT1.xml
9120,McLaren F1 GTR,GT1,McLaren F1 GTR #09,GT1.xml
9120,McLaren F1 GTR,GT1,McLaren F1 GTR #11,GT1.xml
9120,McLaren F1 GTR,GT1,McLaren F1 GTR #12,GT1.xml
9120,McLaren F1 GTR,GT1,McLaren F1 GTR #13,GT1.xml
9120,McLaren F1 GTR,GT1,McLaren F1 GTR #14,GT1.xml
9120,McLaren F1 GTR,GT1,McLaren F1 GTR #15,GT1.xml
9121,Mercedes-Benz CLK LM,GT1,Mercedes-Benz CLK LM #35,GT1.xml
9121,Mercedes-Benz CLK LM,GT1,Mercedes-Benz CLK LM #36,GT1.xml
9121,Mercedes-Benz CLK LM,GT1,Mercedes-Benz CLK LM #40,GT1.xml
9121,Mercedes-Benz CLK LM,GT1,Mercedes-Benz CLK LM #47,GT1.xml
9121,Mercedes-Benz CLK LM,GT1,Mercedes-Benz CLK LM #53,GT1.xml
9121,Mercedes-Benz CLK LM,GT1,Mercedes-Benz CLK LM #57,GT1.xml
9121,Mercedes-Benz CLK LM,GT1,Mercedes-Benz CLK LM #62,GT1.xml
9121,Mercedes-Benz CLK LM,GT1,Mercedes-Benz CLK LM #66,GT1.xml
9121,Mercedes-Benz CLK LM,GT1,Mercedes-Benz CLK LM #72,GT1.xml
9121,Mercedes-Benz CLK LM,GT1,Mercedes-Benz CLK LM #84,GT1.xml
9122,Nissan R390 GT1,GT1,Nissan R390 GT1 #27,GT1.xml
9122,Nissan R390 GT1,GT1,Nissan R390 GT1 #28,GT1.xml
9122,Nissan R390 GT1,GT1,Nissan R390 GT1 #29,GT1.xml
9122,Nissan R390 GT1,GT1,Nissan R390 GT1 #30,GT1.xml
9122,Nissan R390 GT1,GT1,Nissan R390 GT1 #31,GT1.xml
9122,Nissan R390 GT1,GT1,Nissan R390 GT1 #32,GT1.xml
9122,Nissan R390 GT1,GT1,Nissan R390 GT1 #33,GT1.xml
9122,Nissan R390 GT1,GT1,Nissan R390 GT1 #34,GT1.xml
9122,Nissan R390 GT1,GT1,Nissan R390 GT1 #38,GT1.xml
9122,Nissan R390 GT1,GT1,Nissan R390 GT1 #39,GT1.xml
9123,Porsche 911 GT1-98,GT1,Porsche 911 GT1-98 #00,GT1.xml
9123,Porsche 911 GT1-98,GT1,Porsche 911 GT1-98 #10,GT1.xml
9123,Porsche 911 GT1-98,GT1,Porsche 911 GT1-98 #25,GT1.xml
9123,Porsche 911 GT1-98,GT1,Porsche 911 GT1-98 #26,GT1.xml
9123,Porsche 911 GT1-98,GT1,Porsche 911 GT1-98 #45,GT1.xml
9123,Porsche 911 GT1-98,GT1,Porsche 911 GT1-98 #5,GT1.xml
9123,Porsche 911 GT1-98,GT1,Porsche 911 GT1-98 #6,GT1.xml
9123,Porsche 911 GT1-98,GT1,Porsche 911 GT1-98 #77,GT1.xml
9123,Porsche 911 GT1-98,GT1,Porsche 911 GT1-98 #8,GT1.xml
9123,Porsche 911 GT1-98,GT1,Porsche 911 GT1-98 #85,GT1.xml
9124,Aston Martin DBR9,GT1 2005,Aston Martin DBR9 #57,GT1_05.xml
9124,Aston Martin DBR9,GT1 2005,Aston Martin DBR9 #58,GT1_05.xml
9124,Aston Martin DBR9,GT1 2005,Aston Martin DBR9 #59,GT1_05.xml
9124,Aston Martin DBR9,GT1 2005,Aston Martin DBR9 #60,GT1_05.xml
9124,Aston Martin DBR9,GT1 2005,Aston Martin DBR9 #62,GT1_05.xml
9124,Aston Martin DBR9,GT1 2005,Aston Martin DBR9 #64,GT1_05.xml
9125,Chevrolet Corvette C5-R,GT1 2005,Chevrolet Corvette C5-R #2,GT1_05.xml
9125,Chevrolet Corvette C5-R,GT1 2005,Chevrolet Corvette C5-R #5,GT1_05.xml
9125,Chevrolet Corvette C5-R,GT1 2005,Chevrolet Corvette C5-R #50,GT1_05.xml
9125,Chevrolet Corvette C5-R,GT1 2005,Chevrolet Corvette C5-R #63,GT1_05.xml
9125,Chevrolet Corvette C5-R,GT1 2005,Chevrolet Corvette C5-R #7,GT1_05.xml
9125,Chevrolet Corvette C5-R,GT1 2005,Chevrolet Corvette C5-R #70,GT1_05.xml
9125,Chevrolet Corvette C5-R,GT1 2005,Chevrolet Corvette C5-R #71,GT1_05.xml
9125,Chevrolet Corvette C5-R,GT1 2005,Chevrolet Corvette C5-R #73,GT1_05.xml
9126,Dodge Viper GTS-R,GT1 2005,Dodge Viper GTS-R #12,GT1_05.xml
9126,Dodge Viper GTS-R,GT1 2005,Dodge Viper GTS-R #3,GT1_05.xml
9126,Dodge Viper GTS-R,GT1 2005,Dodge Viper GTS-R #32,GT1_05.xml
9126,Dodge Viper GTS-R,GT1 2005,Dodge Viper GTS-R #36,GT1_05.xml
9126,Dodge Viper GTS-R,GT1 2005,Dodge Viper GTS-R #40,GT1_05.xml
9126,Dodge Viper GTS-R,GT1 2005,Dodge Viper GTS-R #9,GT1_05.xml
9127,Lamborghini Murcielago R-GT,GT1 2005,Lamborghini Murcielago R-GT #10,GT1_05.xml
9127,Lamborghini Murcielago R-GT,GT1 2005,Lamborghini Murcielago R-GT #25,GT1_05.xml
9127,Lamborghini Murcielago R-GT,GT1 2005,Lamborghini Murcielago R-GT #28,GT1_05.xml
9127,Lamborghini Murcielago R-GT,GT1 2005,Lamborghini Murcielago R-GT #31,GT1_05.xml
9127,Lamborghini Murcielago R-GT,GT1 2005,Lamborghini Murcielago R-GT #42,GT1_05.xml
9127,Lamborghini Murcielago R-GT,GT1 2005,Lamborghini Murcielago R-GT #45,GT1_05.xml
9128,Maserati MC12 GT1,GT1 2005,Maserati MC12 GT1 #1,GT1_05.xml
9128,Maserati MC12 GT1,GT1 2005,Maserati MC12 GT1 #33,GT1_05.xml
9128,Maserati MC12 GT1,GT1 2005,Maserati MC12 GT1 #61,GT1_05.xml
9128,Maserati MC12 GT1,GT1 2005,Maserati MC12 GT1 #66,GT1_05.xml
9128,Maserati MC12 GT1,GT1 2005,Maserati MC12 GT1 #72,GT1_05.xml
9128,Maserati MC12 GT1,GT1 2005,Maserati MC12 GT1 #86,GT1_05.xml
9129,Milano GT36,GT2 2005,Milano GT36 #00,GT2_05.xml
9129,Milano GT36,GT2 2005,Milano GT36 #12,GT2_05.xml
9129,Milano GT36,GT2 2005,Milano GT36 #17,GT2_05.xml
9129,Milano GT36,GT2 2005,Milano GT36 #20,GT2_05.xml
9129,Milano GT36,GT2 2005,Milano GT36 #25,GT2_05.xml
9129,Milano GT36,GT2 2005,Milano GT36 #31,GT2_05.xml
9129,Milano GT36,GT2 2005,Milano GT36 #34,GT2_05.xml
9129,Milano GT36,GT2 2005,Milano GT36 #42,GT2_05.xml
9129,Milano GT36,GT2 2005,Milano GT36 #43,GT2_05.xml
9129,Milano GT36,GT2 2005,Milano GT36 #51,GT2_05.xml
9129,Milano GT36,GT2 2005,Milano GT36 #59,GT2_05.xml
9129,Milano GT36,GT2 2005,Milano GT36 #64,GT2_05.xml
9130,Porsche 996 GT3 RSR,GT2 2005,Porsche 996 GT3 RSR #1,GT2_05.xml
9130,Porsche 996 GT3 RSR,GT2 2005,Porsche 996 GT3 RSR #11,GT2_05.xml
9130,Porsche 996 GT3 RSR,GT2 2005,Porsche 996 GT3 RSR #115,GT2_05.xml
9130,Porsche 996 GT3 RSR,GT2 2005,Porsche 996 GT3 RSR #121,GT2_05.xml
9130,Porsche 996 GT3 RSR,GT2 2005,Porsche 996 GT3 RSR #155,GT2_05.xml
9130,Porsche 996 GT3 RSR,GT2 2005,Porsche 996 GT3 RSR #2,GT2_05.xml
9130,Porsche 996 GT3 RSR,GT2 2005,Porsche 996 GT3 RSR #40,GT2_05.xml
9130,Porsche 996 GT3 RSR,GT2 2005,Porsche 996 GT3 RSR #52,GT2_05.xml
9130,Porsche 996 GT3 RSR,GT2 2005,Porsche 996 GT3 RSR #61,GT2_05.xml
9130,Porsche 996 GT3 RSR,GT2 2005,Porsche 996 GT3 RSR #66,GT2_05.xml
9130,Porsche 996 GT3 RSR,GT2 2005,Porsche 996 GT3 RSR #71,GT2_05.xml
9130,Porsche 996 GT3 RSR,GT2 2005,Porsche 996 GT3 RSR #85,GT2_05.xml
9131,Audi R8 LMS GT3,GT3,Audi R8 LMS GT3 #22,GT3.xml
9131,Audi R8 LMS GT3,GT3,Audi R8 LMS GT3 #69,GT3.xml
9131,Audi R8 LMS GT3,GT3,Audi R8 LMS GT3 #79,GT3.xml
9131,Audi R8 LMS GT3,GT3,Audi R8 LMS GT3 #86,GT3.xml
9131,Audi R8 LMS GT3,GT3,Audi R8 LMS GT3 #89,GT3.xml
9131,Audi R8 LMS GT3,GT3,Audi R8 LMS GT3 #95,GT3.xml
9131,Audi R8 LMS GT3,GT3,Audi R8 LMS GT3 #97,GT3.xml
9132,BMW M6 GT3,GT3,BMW M6 GT3 #11,GT3.xml
9132,BMW M6 GT3,GT3,BMW M6 GT3 #2,GT3.xml
9132,BMW M6 GT3,GT3,BMW M6 GT3 #61,GT3.xml
9132,BMW M6 GT3,GT3,BMW M6 GT3 #83,GT3.xml
9132,BMW M6 GT3,GT3,BMW M6 GT3 #91,GT3.xml
9132,BMW M6 GT3,GT3,BMW M6 GT3 #96,GT3.xml
9133,McLaren 720S,GT3,McLaren 720S GT3 #04,GT3.xml
9133,McLaren 720S,GT3,McLaren 720S GT3 #12,GT3.xml
9133,McLaren 720S,GT3,McLaren 720S GT3 #27,GT3.xml
9133,McLaren 720S,GT3,McLaren 720S GT3 #90,GT3.xml
9133,McLaren 720S,GT3,McLaren 720S GT3 #92,GT3.xml
9133,McLaren 720S,GT3,McLaren 720S GT3 #94,GT3.xml
9134,Mercedes-AMG GT3,GT3,Mercedes-AMG GT3 #01,GT3.xml
9134,Mercedes-AMG GT3,GT3,Mercedes-AMG GT3 #09,GT3.xml
9134,Mercedes-AMG GT3,GT3,Mercedes-AMG GT3 #60,GT3.xml
9134,Mercedes-AMG GT3,GT3,Mercedes-AMG GT3 #77,GT3.xml
9134,Mercedes-AMG GT3,GT3,Mercedes-AMG GT3 #81,GT3.xml
9134,Mercedes-AMG GT3,GT3,Mercedes-AMG GT3 #85,GT3.xml
9134,Mercedes-AMG GT3,GT3,Mercedes-AMG GT3 #99,GT3.xml
9135,Nissan GT-R Nismo GT3,GT3,Nissan Nismo GT-R GT3 #201,GT3.xml
9135,Nissan GT-R Nismo GT3,GT3,Nissan Nismo GT-R GT3 #202,GT3.xml
9135,Nissan GT-R Nismo GT3,GT3,Nissan Nismo GT-R GT3 #205,GT3.xml
9135,Nissan GT-R Nismo GT3,GT3,Nissan Nismo GT-R GT3 #207,GT3.xml
9135,Nissan GT-R Nismo GT3,GT3,Nissan Nismo GT-R GT3 #209,GT3.xml
9135,Nissan GT-R Nismo GT3,GT3,Nissan Nismo GT-R GT3 #211,GT3.xml
9135,Nissan GT-R Nismo GT3,GT3,Nissan Nismo GT-R GT3 #212,GT3.xml
9136,Porsche 911 GT3 R,GT3,Porsche 911 GT3 R #05,GT3.xml
9136,Porsche 911 GT3 R,GT3,Porsche 911 GT3 R #10,GT3.xml
9136,Porsche 911 GT3 R,GT3,Porsche 911 GT3 R #17,GT3.xml
9136,Porsche 911 GT3 R,GT3,Porsche 911 GT3 R #41,GT3.xml
9136,Porsche 911 GT3 R,GT3,Porsche 911 GT3 R #75,GT3.xml
9136,Porsche 911 GT3 R,GT3,Porsche 911 GT3 R #82,GT3.xml
9136,Porsche 911 GT3 R,GT3,Porsche 911 GT3 R #93,GT3.xml
9137,Aston Martin Vantage GT3 EVO,GT3 Gen 2,AMR Vantage GT3 Evo #007,GT3_Gen2.xml
9137,Aston Martin Vantage GT3 EVO,GT3 Gen 2,AMR Vantage GT3 Evo #23 (IMSA 2024),GT3_Gen2.xml
9137,Aston Martin Vantage GT3 EVO,GT3 Gen 2,AMR Vantage GT3 Evo #27 (IMSA 2024),GT3_Gen2.xml
9137,Aston Martin Vantage GT3 EVO,GT3 Gen 2,AMR Vantage GT3 Evo #42,GT3_Gen2.xml
9137,Aston Martin Vantage GT3 EVO,GT3 Gen 2,AMR Vantage GT3 Evo #44 (IMSA 2024),GT3_Gen2.xml
9137,Aston Martin Vantage GT3 EVO,GT3 Gen 2,AMR Vantage GT3 Evo #73,GT3_Gen2.xml
9137,Aston Martin Vantage GT3 EVO,GT3 Gen 2,AMR Vantage GT3 Evo #98,GT3_Gen2.xml
9137,Aston Martin Vantage GT3 EVO,GT3 Gen 2,AMR Vantage GT3 Evo #999,GT3_Gen2.xml
9138,Audi R8 LMS GT3 evo II,GT3 Gen 2,Audi R8 LMS GT3 evo II #181,GT3_Gen2.xml
9138,Audi R8 LMS GT3 evo II,GT3 Gen 2,Audi R8 LMS GT3 evo II #23,GT3_Gen2.xml
9138,Audi R8 LMS GT3 evo II,GT3 Gen 2,Audi R8 LMS GT3 evo II #28,GT3_Gen2.xml
9138,Audi R8 LMS GT3 evo II,GT3 Gen 2,Audi R8 LMS GT3 evo II #33,GT3_Gen2.xml
9138,Audi R8 LMS GT3 evo II,GT3 Gen 2,Audi R8 LMS GT3 evo II #87,GT3_Gen2.xml
9138,Audi R8 LMS GT3 evo II,GT3 Gen 2,Audi R8 LMS GT3 evo II #99,GT3_Gen2.xml
9139,BMW M4 GT3,GT3 Gen 2,BMW M4 GT3 #10,GT3_Gen2.xml
9139,BMW M4 GT3,GT3 Gen 2,BMW M4 GT3 #1a (IMSA 2024),GT3_Gen2.xml
9139,BMW M4 GT3,GT3 Gen 2,BMW M4 GT3 #1b (IMSA 2024),GT3_Gen2.xml
9139,BMW M4 GT3,GT3 Gen 2,BMW M4 GT3 #55,GT3_Gen2.xml
9139,BMW M4 GT3,GT3 Gen 2,BMW M4 GT3 #7,GT3_Gen2.xml
9139,BMW M4 GT3,GT3 Gen 2,BMW M4 GT3 #96 (IMSA 2024),GT3_Gen2.xml
9140,Chevrolet Corvette Z06 GT3.R,GT3 Gen 2,Chevrolet Corvette Z06 GT3.R #13 (IMSA 2024),GT3_Gen2.xml
9140,Chevrolet Corvette Z06 GT3.R,GT3 Gen 2,Chevrolet Corvette Z06 GT3.R #17 (IMSA 2024),GT3_Gen2.xml
9140,Chevrolet Corvette Z06 GT3.R,GT3 Gen 2,Chevrolet Corvette Z06 GT3.R #3 (IMSA 2024),GT3_Gen2.xml
9140,Chevrolet Corvette Z06 GT3.R,GT3 Gen 2,Chevrolet Corvette Z06 GT3.R #4 (IMSA 2024),GT3_Gen2.xml
9141,Lamborghini Huracan GT3 EVO2,GT3 Gen 2,Lamborghini Huracan GT3 EVO2 #19 (IMSA 2024),GT3_Gen2.xml
9141,Lamborghini Huracan GT3 EVO2,GT3 Gen 2,Lamborghini Huracan GT3 EVO2 #45 (IMSA 2024),GT3_Gen2.xml
9141,Lamborghini Huracan GT3 EVO2,GT3 Gen 2,Lamborghini Huracan GT3 EVO2 #60 (IMSA 2024),GT3_Gen2.xml
9141,Lamborghini Huracan GT3 EVO2,GT3 Gen 2,Lamborghini Huracan GT3 EVO2 #78 (IMSA 2024),GT3_Gen2.xml
9141,Lamborghini Huracan GT3 EVO2,GT3 Gen 2,Lamborghini Huracan GT3 EVO2 #83 (IMSA 2024),GT3_Gen2.xml
9142,McLaren 720S GT3 EVO,GT3 Gen 2,McLaren 720S GT3 Evo #25,GT3_Gen2.xml
9142,McLaren 720S GT3 EVO,GT3 Gen 2,McLaren 720S GT3 Evo #32,GT3_Gen2.xml
9142,McLaren 720S GT3 EVO,GT3 Gen 2,McLaren 720S GT3 Evo #41,GT3_Gen2.xml
9142,McLaren 720S GT3 EVO,GT3 Gen 2,McLaren 720S GT3 Evo #59,GT3_Gen2.xml
9142,McLaren 720S GT3 EVO,GT3 Gen 2,McLaren 720S GT3 Evo #70 (IMSA 2024),GT3_Gen2.xml
9142,McLaren 720S GT3 EVO,GT3 Gen 2,McLaren 720S GT3 Evo #9 (IMSA 2024),GT3_Gen2.xml
9143,Mercedes-AMG GT3 EVO,GT3 Gen 2,Mercedes-AMG GT3 Evo #01,GT3_Gen2.xml
9143,Mercedes-AMG GT3 EVO,GT3 Gen 2,Mercedes-AMG GT3 Evo #32 (IMSA 2024),GT3_Gen2.xml
9143,Mercedes-AMG GT3 EVO,GT3 Gen 2,Mercedes-AMG GT3 Evo #57 (IMSA 2024),GT3_Gen2.xml
9143,Mercedes-AMG GT3 EVO,GT3 Gen 2,Mercedes-AMG GT3 Evo #70,GT3_Gen2.xml
9143,Mercedes-AMG GT3 EVO,GT3 Gen 2,Mercedes-AMG GT3 Evo #75 (IMSA 2024),GT3_Gen2.xml
9143,Mercedes-AMG GT3 EVO,GT3 Gen 2,Mercedes-AMG GT3 Evo #80 (IMSA 2024),GT3_Gen2.xml
9144,Porsche 992 GT3-R,GT3 Gen 2,Porsche 992 GT3 R #120 (IMSA 2024),GT3_Gen2.xml
9144,Porsche 992 GT3-R,GT3 Gen 2,Porsche 992 GT3 R #14,GT3_Gen2.xml
9144,Porsche 992 GT3-R,GT3 Gen 2,Porsche 992 GT3 R #43 (IMSA 2024),GT3_Gen2.xml
9144,Porsche 992 GT3-R,GT3 Gen 2,Porsche 992 GT3 R #77 (IMSA 2024),GT3_Gen2.xml
9144,Porsche 992 GT3-R,GT3 Gen 2,Porsche 992 GT3 R #86 (IMSA 2024),GT3_Gen2.xml
9144,Porsche 992 GT3-R,GT3 Gen 2,Porsche 992 GT3 R #92 (IMSA 2024),GT3_Gen2.xml
9144,Porsche 992 GT3-R,GT3 Gen 2,Porsche 992 GT3 R #992,GT3_Gen2.xml
9145,Alpine A110 GT4 EVO,GT4,Alpine A110 GT4 Evo #36,GT4.xml
9145,Alpine A110 GT4 EVO,GT4,Alpine A110 GT4 Evo #36b,GT4.xml
9145,Alpine A110 GT4 EVO,GT4,Alpine A110 GT4 Evo #63,GT4.xml
9145,Alpine A110 GT4 EVO,GT4,Alpine A110 GT4 Evo #64,GT4.xml
9145,Alpine A110 GT4 EVO,GT4,Alpine A110 GT4 Evo #65,GT4.xml
9146,Aston Martin Vantage GT4 EVO,GT4,AMR Vantage GT4 Evo #301,GT4.xml
9146,Aston Martin Vantage GT4 EVO,GT4,AMR Vantage GT4 Evo #302,GT4.xml
9146,Aston Martin Vantage GT4 EVO,GT4,AMR Vantage GT4 Evo #303,GT4.xml
9146,Aston Martin Vantage GT4 EVO,GT4,AMR Vantage GT4 Evo #304,GT4.xml
9146,Aston Martin Vantage GT4 EVO,GT4,AMR Vantage GT4 Evo #305,GT4.xml
9146,Aston Martin Vantage GT4 EVO,GT4,AMR Vantage GT4 Evo #306,GT4.xml
9147,Audi R8 LMS GT4,GT4,Audi R8 LMS GT4 #00,GT4.xml
9147,Audi R8 LMS GT4,GT4,Audi R8 LMS GT4 #12,GT4.xml
9147,Audi R8 LMS GT4,GT4,Audi R8 LMS GT4 #15,GT4.xml
9147,Audi R8 LMS GT4,GT4,Audi R8 LMS GT4 #20,GT4.xml
9147,Audi R8 LMS GT4,GT4,Audi R8 LMS GT4 #24,GT4.xml
9147,Audi R8 LMS GT4,GT4,Audi R8 LMS GT4 #28,GT4.xml
9148,BMW M4 GT4,GT4,BMW M4 GT4 #1,GT4.xml
9148,BMW M4 GT4,GT4,BMW M4 GT4 #10,GT4.xml
9148,BMW M4 GT4,GT4,BMW M4 GT4 #11,GT4.xml
9148,BMW M4 GT4,GT4,BMW M4 GT4 #7,GT4.xml
9148,BMW M4 GT4,GT4,BMW M4 GT4 #8,GT4.xml
9148,BMW M4 GT4,GT4,BMW M4 GT4 #9,GT4.xml
9149,Chevrolet Camaro GT4.R,GT4,Camaro GT4.R #49,GT4.xml
9149,Chevrolet Camaro GT4.R,GT4,Camaro GT4.R #53,GT4.xml
9149,Chevrolet Camaro GT4.R,GT4,Camaro GT4.R #55,GT4.xml
9149,Chevrolet Camaro GT4.R,GT4,Camaro GT4.R #66,GT4.xml
9149,Chevrolet Camaro GT4.R,GT4,Camaro GT4.R #97,GT4.xml
9150,Ginetta G55 GT4,GT4,Ginetta G55 GT4 #01,GT4.xml
9150,Ginetta G55 GT4,GT4,Ginetta G55 GT4 #117,GT4.xml
9150,Ginetta G55 GT4,GT4,Ginetta G55 GT4 #13,GT4.xml
9150,Ginetta G55 GT4,GT4,Ginetta G55 GT4 #19,GT4.xml
9150,Ginetta G55 GT4,GT4,Ginetta G55 GT4 #79,GT4.xml
9151,McLaren 570S,GT4,McLaren 570S GT4 #001,GT4.xml
9151,McLaren 570S,GT4,McLaren 570S GT4 #002,GT4.xml
9151,McLaren 570S,GT4,McLaren 570S GT4 #003,GT4.xml
9151,McLaren 570S,GT4,McLaren 570S GT4 #006,GT4.xml
9151,McLaren 570S,GT4,McLaren 570S GT4 #007,GT4.xml
9151,McLaren 570S,GT4,McLaren 570S GT4 #22,GT4.xml
9152,Mercedes-AMG GT4,GT4,Mercedes-AMG GT4 #31,GT4.xml
9152,Mercedes-AMG GT4,GT4,Mercedes-AMG GT4 #33,GT4.xml
9152,Mercedes-AMG GT4,GT4,Mercedes-AMG GT4 #34,GT4.xml
9152,Mercedes-AMG GT4,GT4,Mercedes-AMG GT4 #35,GT4.xml
9152,Mercedes-AMG GT4,GT4,Mercedes-AMG GT4 #37,GT4.xml
9152,Mercedes-AMG GT4,GT4,Mercedes-AMG GT4 #39,GT4.xml
9153,Porsche Cayman GT4 Clubsport MR,GT4,Porsche Cayman GT4 CS MR #100,GT4.xml
9153,Porsche Cayman GT4 Clubsport MR,GT4,Porsche Cayman GT4 CS MR #101,GT4.xml
9153,Porsche Cayman GT4 Clubsport MR,GT4,Porsche Cayman GT4 CS MR #102,GT4.xml
9153,Porsche Cayman GT4 Clubsport MR,GT4,Porsche Cayman GT4 CS MR #104,GT4.xml
9153,Porsche Cayman GT4 Clubsport MR,GT4,Porsche Cayman GT4 CS MR #105,GT4.xml
9153,Porsche Cayman GT4 Clubsport MR,GT4,Porsche Cayman GT4 CS MR #107,GT4.xml
9154,Ginetta G40,GT5,Ginetta G40 GT5 #01,GT5.xml
9154,Ginetta G40,GT5,Ginetta G40 GT5 #02,GT5.xml
9154,Ginetta G40,GT5,Ginetta G40 GT5 #09,GT5.xml
9154,Ginetta G40,GT5,Ginetta G40 GT5 #10,GT5.xml
9154,Ginetta G40,GT5,Ginetta G40 GT5 #17,GT5.xml
9154,Ginetta G40,GT5,Ginetta G40 GT5 #22,GT5.xml
9154,Ginetta G40,GT5,Ginetta G40 GT5 #25,GT5.xml
9154,Ginetta G40,GT5,Ginetta G40 GT5 #27,GT5.xml
9154,Ginetta G40,GT5,Ginetta G40 GT5 #28,GT5.xml
9154,Ginetta G40,GT5,Ginetta G40 GT5 #32,GT5.xml
9154,Ginetta G40,GT5,Ginetta G40 GT5 #42,GT5.xml
9154,Ginetta G40,GT5,Ginetta G40 GT5 #46,GT5.xml
9154,Ginetta G40,GT5,Ginetta G40 GT5 #50,GT5.xml
9154,Ginetta G40,GT5,Ginetta G40 GT5 #53,GT5.xml
9154,Ginetta G40,GT5,Ginetta G40 GT5 #58,GT5.xml
9154,Ginetta G40,GT5,Ginetta G40 GT5 #62,GT5.xml
9154,Ginetta G40,GT5,Ginetta G40 GT5 #66,GT5.xml
9154,Ginetta G40,GT5,Ginetta G40 GT5 #77,GT5.xml
9154,Ginetta G40,GT5,Ginetta G40 GT5 #88,GT5.xml
9155,Puma P052,GT5,Puma P052 #11,GT5.xml
9155,Puma P052,GT5,Puma P052 #12,GT5.xml
9155,Puma P052,GT5,Puma P052 #13,GT5.xml
9155,Puma P052,GT5,Puma P052 #19,GT5.xml
9155,Puma P052,GT5,Puma P052 #35,GT5.xml
9155,Puma P052,GT5,Puma P052 #36,GT5.xml
9155,Puma P052,GT5,Puma P052 #4,GT5.xml
9155,Puma P052,GT5,Puma P052 #55 - A.Maia Skin,GT5.xml
9155,Puma P052,GT5,Puma P052 #56 - F.Karstens Skin,GT5.xml
9155,Puma P052,GT5,Puma P052 #6,GT5.xml
9155,Puma P052,GT5,Puma P052 #60 - R.Fleury Skin,GT5.xml
9155,Puma P052,GT5,Puma P052 #69,GT5.xml
9155,Puma P052,GT5,Puma P052 #7,GT5.xml
9155,Puma P052,GT5,Puma P052 #78,GT5.xml
9155,Puma P052,GT5,Puma P052 #90 - L.Fernando Skin,GT5.xml
9155,Puma P052,GT5,Puma P052 #91 - A.Teixeira Skin,GT5.xml
9155,Puma P052,GT5,Puma P052 #94,GT5.xml
9155,Puma P052,GT5,Puma P052 #95 - E.Freshi Skin,GT5.xml
9155,Puma P052,GT5,Puma P052 #96,GT5.xml
9155,Puma P052,GT5,Puma P052 #99,GT5.xml
9156,Aston Martin Vantage GTE,GTE,AMR Vantage GTE #007,GTE.xml
9156,Aston Martin Vantage GTE,GTE,AMR Vantage GTE #1,GTE.xml
9156,Aston Martin Vantage GTE,GTE,AMR Vantage GTE #12,GTE.xml
9156,Aston Martin Vantage GTE,GTE,AMR Vantage GTE #2,GTE.xml
9156,Aston Martin Vantage GTE,GTE,AMR Vantage GTE #22,GTE.xml
9156,Aston Martin Vantage GTE,GTE,AMR Vantage GTE #30,GTE.xml
9156,Aston Martin Vantage GTE,GTE,AMR Vantage GTE #44,GTE.xml
9156,Aston Martin Vantage GTE,GTE,AMR Vantage GTE #5,GTE.xml
9157,BMW M8 GTE,GTE,BMW M8 GTE #14,GTE.xml
9157,BMW M8 GTE,GTE,BMW M8 GTE #15,GTE.xml
9157,BMW M8 GTE,GTE,BMW M8 GTE #28,GTE.xml
9157,BMW M8 GTE,GTE,BMW M8 GTE #29,GTE.xml
9157,BMW M8 GTE,GTE,BMW M8 GTE #8,GTE.xml
9157,BMW M8 GTE,GTE,BMW M8 GTE #87,GTE.xml
9157,BMW M8 GTE,GTE,BMW M8 GTE #88,GTE.xml
9157,BMW M8 GTE,GTE,BMW M8 GTE #89,GTE.xml
9157,BMW M8 GTE,GTE,BMW M8 GTE #9,GTE.xml
9157,BMW M8 GTE,GTE,BMW M8 GTE #90,GTE.xml
9158,Chevrolet Corvette C8.R,GTE,Chevrolet Corvette C8.R #17,GTE.xml
9158,Chevrolet Corvette C8.R,GTE,Chevrolet Corvette C8.R #18,GTE.xml
9158,Chevrolet Corvette C8.R,GTE,Chevrolet Corvette C8.R #3,GTE.xml
9158,Chevrolet Corvette C8.R,GTE,Chevrolet Corvette C8.R #33,GTE.xml
9158,Chevrolet Corvette C8.R,GTE,Chevrolet Corvette C8.R #4,GTE.xml
9158,Chevrolet Corvette C8.R,GTE,Chevrolet Corvette C8.R #68,GTE.xml
9158,Chevrolet Corvette C8.R,GTE,Chevrolet Corvette C8.R #69,GTE.xml
9158,Chevrolet Corvette C8.R,GTE,Chevrolet Corvette C8.R #93,GTE.xml
9159,Porsche 911 RSR-19,GTE,Porsche 911 RSR GTE #06,GTE.xml
9159,Porsche 911 RSR-19,GTE,Porsche 911 RSR GTE #10,GTE.xml
9159,Porsche 911 RSR-19,GTE,Porsche 911 RSR GTE #25,GTE.xml
9159,Porsche 911 RSR-19,GTE,Porsche 911 RSR GTE #42,GTE.xml
9159,Porsche 911 RSR-19,GTE,Porsche 911 RSR GTE #55,GTE.xml
9159,Porsche 911 RSR-19,GTE,Porsche 911 RSR GTE #79,GTE.xml
9159,Porsche 911 RSR-19,GTE,Porsche 911 RSR GTE #91,GTE.xml
9159,Porsche 911 RSR-19,GTE,Porsche 911 RSR GTE #92,GTE.xml
9160,BMW M3 E46 GTR,GTR 2004,BMW M3 E46 GTR #01,GTR_04.xml
9160,BMW M3 E46 GTR,GTR 2004,BMW M3 E46 GTR #02,GTR_04.xml
9160,BMW M3 E46 GTR,GTR 2004,BMW M3 E46 GTR #21,GTR_04.xml
9160,BMW M3 E46 GTR,GTR 2004,BMW M3 E46 GTR #23,GTR_04.xml
9160,BMW M3 E46 GTR,GTR 2004,BMW M3 E46 GTR #43,GTR_04.xml
9160,BMW M3 E46 GTR,GTR 2004,BMW M3 E46 GTR #48,GTR_04.xml
9160,BMW M3 E46 GTR,GTR 2004,BMW M3 E46 GTR #58,GTR_04.xml
9160,BMW M3 E46 GTR,GTR 2004,BMW M3 E46 GTR #64,GTR_04.xml
9160,BMW M3 E46 GTR,GTR 2004,BMW M3 E46 GTR #66,GTR_04.xml
9160,BMW M3 E46 GTR,GTR 2004,BMW M3 E46 GTR #68,GTR_04.xml
9160,BMW M3 E46 GTR,GTR 2004,BMW M3 E46 GTR #75,GTR_04.xml
9160,BMW M3 E46 GTR,GTR 2004,BMW M3 E46 GTR #98,GTR_04.xml
9161,Volkswagen Fusca 1 Hot Cars,Hot Cars,Fusca HC1 #23,Hot Cars.xml
9161,Volkswagen Fusca 1 Hot Cars,Hot Cars,Fusca HC1 #24,Hot Cars.xml
9161,Volkswagen Fusca 1 Hot Cars,Hot Cars,Fusca HC1 #70,Hot Cars.xml
9161,Volkswagen Fusca 1 Hot Cars,Hot Cars,Fusca HC1 #88,Hot Cars.xml
9161,Volkswagen Fusca 1 Hot Cars,Hot Cars,Fusca HC1 #90,Hot Cars.xml
9162,Volkswagen Fusca 2 Hot Cars,Hot Cars,Fusca HC2 #1,Hot Cars.xml
9162,Volkswagen Fusca 2 Hot Cars,Hot Cars,Fusca HC2 #13,Hot Cars.xml
9162,Volkswagen Fusca 2 Hot Cars,Hot Cars,Fusca HC2 #22,Hot Cars.xml
9162,Volkswagen Fusca 2 Hot Cars,Hot Cars,Fusca HC2 #27,Hot Cars.xml
9162,Volkswagen Fusca 2 Hot Cars,Hot Cars,Fusca HC2 #55,Hot Cars.xml
9162,Volkswagen Fusca 2 Hot Cars,Hot Cars,Fusca HC2 #68,Hot Cars.xml
9163,Volkswagen Gol Hot Cars,Hot Cars,Gol HC #11,Hot Cars.xml
9163,Volkswagen Gol Hot Cars,Hot Cars,Gol HC #14,Hot Cars.xml
9163,Volkswagen Gol Hot Cars,Hot Cars,Gol HC #18,Hot Cars.xml
9163,Volkswagen Gol Hot Cars,Hot Cars,Gol HC #2,Hot Cars.xml
9163,Volkswagen Gol Hot Cars,Hot Cars,Gol HC #8,Hot Cars.xml
9164,Volkswagen Passat Hot Cars,Hot Cars,Passat HC #35,Hot Cars.xml
9164,Volkswagen Passat Hot Cars,Hot Cars,Passat HC #38,Hot Cars.xml
9164,Volkswagen Passat Hot Cars,Hot Cars,Passat HC #43,Hot Cars.xml
9164,Volkswagen Passat Hot Cars,Hot Cars,Passat HC #60,Hot Cars.xml
9164,Volkswagen Passat Hot Cars,Hot Cars,Passat HC #63,Hot Cars.xml
9164,Volkswagen Passat Hot Cars,Hot Cars,Passat HC #78,Hot Cars.xml
9165,Aston Martin Valkyrie,Hypercars,Almond Green,Hypercars.xml
9165,Aston Martin Valkyrie,Hypercars,Carbon Blue,Hypercars.xml
9165,Aston Martin Valkyrie,Hypercars,Carbon Red,Hypercars.xml
9165,Aston Martin Valkyrie,Hypercars,Ethanol Silver,Hypercars.xml
9165,Aston Martin Valkyrie,Hypercars,Gulf Blue,Hypercars.xml
9165,Aston Martin Valkyrie,Hypercars,Iridescent Emerald,Hypercars.xml
9165,Aston Martin Valkyrie,Hypercars,Jet Black,Hypercars.xml
9165,Aston Martin Valkyrie,Hypercars,Lunar White,Hypercars.xml
9165,Aston Martin Valkyrie,Hypercars,Magnetic Silver,Hypercars.xml
9165,Aston Martin Valkyrie,Hypercars,Mariana Blue,Hypercars.xml
9165,Aston Martin Valkyrie,Hypercars,Maximum Orange,Hypercars.xml
9165,Aston Martin Valkyrie,Hypercars,Zaffre Blue,Hypercars.xml
9166,Brabham BT62,Hypercars,Brabham BT62 #01,Hypercars.xml
9166,Brabham BT62,Hypercars,Brabham BT62 #02,Hypercars.xml
9166,Brabham BT62,Hypercars,Brabham BT62 #03,Hypercars.xml
9166,Brabham BT62,Hypercars,Brabham BT62 #04,Hypercars.xml
9166,Brabham BT62,Hypercars,Brabham BT62 #05,Hypercars.xml
9166,Brabham BT62,Hypercars,Brabham BT62 #06,Hypercars.xml
9166,Brabham BT62,Hypercars,Brabham BT62 #07,Hypercars.xml
9166,Brabham BT62,Hypercars,Brabham BT62 #08,Hypercars.xml
9167,Lamborghini Veneno Roadster,Hypercars,Lamborghini Veneno #01,Hypercars.xml
9167,Lamborghini Veneno Roadster,Hypercars,Lamborghini Veneno #02,Hypercars.xml
9167,Lamborghini Veneno Roadster,Hypercars,Lamborghini Veneno #03,Hypercars.xml
9167,Lamborghini Veneno Roadster,Hypercars,Lamborghini Veneno #04,Hypercars.xml
9167,Lamborghini Veneno Roadster,Hypercars,Lamborghini Veneno #05,Hypercars.xml
9167,Lamborghini Veneno Roadster,Hypercars,Lamborghini Veneno #06,Hypercars.xml
9167,Lamborghini Veneno Roadster,Hypercars,Lamborghini Veneno #07,Hypercars.xml
9167,Lamborghini Veneno Roadster,Hypercars,Lamborghini Veneno #08,Hypercars.xml
9167,Lamborghini Veneno Roadster,Hypercars,Lamborghini Veneno #09,Hypercars.xml
9168,Lamborghini Revuelto,Hypercars,Arancio Xanto,Hypercars.xml
9168,Lamborghini Revuelto,Hypercars,Bianco Monocerus,Hypercars.xml
9168,Lamborghini Revuelto,Hypercars,Blu Acrux Matt,Hypercars.xml
9168,Lamborghini Revuelto,Hypercars,Blu Astraeus,Hypercars.xml
9168,Lamborghini Revuelto,Hypercars,Blu Eleos,Hypercars.xml
9168,Lamborghini Revuelto,Hypercars,Blu Uranus,Hypercars.xml
9168,Lamborghini Revuelto,Hypercars,Bronzo Oreadi,Hypercars.xml
9168,Lamborghini Revuelto,Hypercars,Giallo Auge,Hypercars.xml
9168,Lamborghini Revuelto,Hypercars,Grigio Nimbus,Hypercars.xml
9168,Lamborghini Revuelto,Hypercars,Grigio Telesto,Hypercars.xml
9168,Lamborghini Revuelto,Hypercars,Nero Nemesis,Hypercars.xml
9168,Lamborghini Revuelto,Hypercars,Rosso Efesto,Hypercars.xml
9168,Lamborghini Revuelto,Hypercars,Verde Citrea,Hypercars.xml
9168,Lamborghini Revuelto,Hypercars,Verde Lares,Hypercars.xml
9168,Lamborghini Revuelto,Hypercars,Verde Viper,Hypercars.xml
9168,Lamborghini Revuelto,Hypercars,Viola 30°,Hypercars.xml
9169,McLaren Senna,Hypercars,British Racing Green,Hypercars.xml
9169,McLaren Senna,Hypercars,Cerulean Blue,Hypercars.xml
9169,McLaren Senna,Hypercars,Gloss Carbon,Hypercars.xml
9169,McLaren Senna,Hypercars,Gloss Carbon Blue,Hypercars.xml
9169,McLaren Senna,Hypercars,Gloss Carbon Green,Hypercars.xml
9169,McLaren Senna,Hypercars,Gloss Carbon Purple,Hypercars.xml
9169,McLaren Senna,Hypercars,Gloss Carbon Red,Hypercars.xml
9169,McLaren Senna,Hypercars,Satin Carbon,Hypercars.xml
9169,McLaren Senna,Hypercars,Solar YellowBlack,Hypercars.xml
9169,McLaren Senna,Hypercars,Stealth Cosmos Black,Hypercars.xml
9169,McLaren Senna,Hypercars,Supernova Silver,Hypercars.xml
9169,McLaren Senna,Hypercars,Synergy Green,Hypercars.xml
9169,McLaren Senna,Hypercars,Trophy Kyanos Blue,Hypercars.xml
9169,McLaren Senna,Hypercars,Trophy Mira Orange,Hypercars.xml
9169,McLaren Senna,Hypercars,Vision Pure White,Hypercars.xml
9169,McLaren Senna,Hypercars,Vision Victory Grey,Hypercars.xml
9169,McLaren Senna,Hypercars,Zenith Black SatinCarbon Red,Hypercars.xml
9170,MINI Cooper,JCW,MINI Cooper JCW #00,MiniChallenge.xml
9170,MINI Cooper,JCW,MINI Cooper JCW #1,MiniChallenge.xml
9170,MINI Cooper,JCW,MINI Cooper JCW #10,MiniChallenge.xml
9170,MINI Cooper,JCW,MINI Cooper JCW #12,MiniChallenge.xml
9170,MINI Cooper,JCW,MINI Cooper JCW #14,MiniChallenge.xml
9170,MINI Cooper,JCW,MINI Cooper JCW #15,MiniChallenge.xml
9170,MINI Cooper,JCW,MINI Cooper JCW #17,MiniChallenge.xml
9170,MINI Cooper,JCW,MINI Cooper JCW #22,MiniChallenge.xml
9170,MINI Cooper,JCW,MINI Cooper JCW #26,MiniChallenge.xml
9170,MINI Cooper,JCW,MINI Cooper JCW #27,MiniChallenge.xml
9170,MINI Cooper,JCW,MINI Cooper JCW #28,MiniChallenge.xml
9170,MINI Cooper,JCW,MINI Cooper JCW #3,MiniChallenge.xml
9170,MINI Cooper,JCW,MINI Cooper JCW #32,MiniChallenge.xml
9170,MINI Cooper,JCW,MINI Cooper JCW #33,MiniChallenge.xml
9170,MINI Cooper,JCW,MINI Cooper JCW #38,MiniChallenge.xml
9170,MINI Cooper,JCW,MINI Cooper JCW #5,MiniChallenge.xml
9170,MINI Cooper,JCW,MINI Cooper JCW #6,MiniChallenge.xml
9170,MINI Cooper,JCW,MINI Cooper JCW #60,MiniChallenge.xml
9170,MINI Cooper,JCW,MINI Cooper JCW #63,MiniChallenge.xml
9170,MINI Cooper,JCW,MINI Cooper JCW #71,MiniChallenge.xml
9170,MINI Cooper,JCW,MINI Cooper JCW #77,MiniChallenge.xml
9170,MINI Cooper,JCW,MINI Cooper JCW #85,MiniChallenge.xml
9170,MINI Cooper,JCW,MINI Cooper JCW #97,MiniChallenge.xml
9170,MINI Cooper,JCW,MINI Cooper JCW #99,MiniChallenge.xml
9171,Kartcross,Kartcross,Kart Cross #012,Kartcross.xml
9171,Kartcross,Kartcross,Kart Cross #014,Kartcross.xml
9171,Kartcross,Kartcross,Kart Cross #020,Kartcross.xml
9171,Kartcross,Kartcross,Kart Cross #033,Kartcross.xml
9171,Kartcross,Kartcross,Kart Cross #1,Kartcross.xml
9171,Kartcross,Kartcross,Kart Cross #10,Kartcross.xml
9171,Kartcross,Kartcross,Kart Cross #2,Kartcross.xml
9171,Kartcross,Kartcross,Kart Cross #23,Kartcross.xml
9171,Kartcross,Kartcross,Kart Cross #3,Kartcross.xml
9171,Kartcross,Kartcross,Kart Cross #4,Kartcross.xml
9171,Kartcross,Kartcross,Kart Cross #42,Kartcross.xml
9171,Kartcross,Kartcross,Kart Cross #43,Kartcross.xml
9171,Kartcross,Kartcross,Kart Cross #5,Kartcross.xml
9171,Kartcross,Kartcross,Kart Cross #57,Kartcross.xml
9171,Kartcross,Kartcross,Kart Cross #6,Kartcross.xml
9171,Kartcross,Kartcross,Kart Cross #66,Kartcross.xml
9171,Kartcross,Kartcross,Kart Cross #7,Kartcross.xml
9171,Kartcross,Kartcross,Kart Cross #77,Kartcross.xml
9171,Kartcross,Kartcross,Kart Cross #8,Kartcross.xml
9171,Kartcross,Kartcross,Kart Cross #9,Kartcross.xml
9172,Kart 2-Stroke 125cc Direct,Karting 2T 125cc,Kart 125cc 2STROKE #12,Kart125cc.xml
9172,Kart 2-Stroke 125cc Direct,Karting 2T 125cc,Kart 125cc 2STROKE #13,Kart125cc.xml
9172,Kart 2-Stroke 125cc Direct,Karting 2T 125cc,Kart 125cc 2STROKE #16,Kart125cc.xml
9172,Kart 2-Stroke 125cc Direct,Karting 2T 125cc,Kart 125cc 2STROKE #23,Kart125cc.xml
9172,Kart 2-Stroke 125cc Direct,Karting 2T 125cc,Kart 125cc 2STROKE #25,Kart125cc.xml
9172,Kart 2-Stroke 125cc Direct,Karting 2T 125cc,Kart 125cc 2STROKE #3,Kart125cc.xml
9172,Kart 2-Stroke 125cc Direct,Karting 2T 125cc,Kart 125cc 2STROKE #4,Kart125cc.xml
9172,Kart 2-Stroke 125cc Direct,Karting 2T 125cc,Kart 125cc 2STROKE #48,Kart125cc.xml
9172,Kart 2-Stroke 125cc Direct,Karting 2T 125cc,Kart 125cc 2STROKE #59,Kart125cc.xml
9172,Kart 2-Stroke 125cc Direct,Karting 2T 125cc,Kart 125cc 2STROKE #60,Kart125cc.xml
9172,Kart 2-Stroke 125cc Direct,Karting 2T 125cc,Kart 125cc 2STROKE #63,Kart125cc.xml
9172,Kart 2-Stroke 125cc Direct,Karting 2T 125cc,Kart 125cc 2STROKE #7,Kart125cc.xml
9172,Kart 2-Stroke 125cc Direct,Karting 2T 125cc,Kart 125cc 2STROKE #8,Kart125cc.xml
9172,Kart 2-Stroke 125cc Direct,Karting 2T 125cc,Kart 125cc 2STROKE #84,Kart125cc.xml
9172,Kart 2-Stroke 125cc Direct,Karting 2T 125cc,Kart 125cc 2STROKE #9,Kart125cc.xml
9172,Kart 2-Stroke 125cc Direct,Karting 2T 125cc,Kart 125cc 2STROKE #91,Kart125cc.xml
9172,Kart 2-Stroke 125cc Direct,Karting 2T 125cc,Kart 125cc 2STROKE #96,Kart125cc.xml
9172,Kart 2-Stroke 125cc Direct,Karting 2T 125cc,Kart 125cc 2STROKE #97,Kart125cc.xml
9172,Kart 2-Stroke 125cc Direct,Karting 2T 125cc,Kart 125cc 2STROKE #98,Kart125cc.xml
9172,Kart 2-Stroke 125cc Direct,Karting 2T 125cc,Kart 125cc 2STROKE #99,Kart125cc.xml
9173,Kart 4-Stroke Race,Karting 4T Race,Kart GX390 Race #00,KartGX390.xml
9173,Kart 4-Stroke Race,Karting 4T Race,Kart GX390 Race #01,KartGX390.xml
9173,Kart 4-Stroke Race,Karting 4T Race,Kart GX390 Race #02,KartGX390.xml
9173,Kart 4-Stroke Race,Karting 4T Race,Kart GX390 Race #03,KartGX390.xml
9173,Kart 4-Stroke Race,Karting 4T Race,Kart GX390 Race #04,KartGX390.xml
9173,Kart 4-Stroke Race,Karting 4T Race,Kart GX390 Race #05,KartGX390.xml
9173,Kart 4-Stroke Race,Karting 4T Race,Kart GX390 Race #07,KartGX390.xml
9173,Kart 4-Stroke Race,Karting 4T Race,Kart GX390 Race #08,KartGX390.xml
9173,Kart 4-Stroke Race,Karting 4T Race,Kart GX390 Race #09,KartGX390.xml
9173,Kart 4-Stroke Race,Karting 4T Race,Kart GX390 Race #10,KartGX390.xml
9173,Kart 4-Stroke Race,Karting 4T Race,Kart GX390 Race #12,KartGX390.xml
9173,Kart 4-Stroke Race,Karting 4T Race,Kart GX390 Race #13,KartGX390.xml
9173,Kart 4-Stroke Race,Karting 4T Race,Kart GX390 Race #14,KartGX390.xml
9173,Kart 4-Stroke Race,Karting 4T Race,Kart GX390 Race #15,KartGX390.xml
9173,Kart 4-Stroke Race,Karting 4T Race,Kart GX390 Race #16,KartGX390.xml
9173,Kart 4-Stroke Race,Karting 4T Race,Kart GX390 Race #17,KartGX390.xml
9173,Kart 4-Stroke Race,Karting 4T Race,Kart GX390 Race #18,KartGX390.xml
9173,Kart 4-Stroke Race,Karting 4T Race,Kart GX390 Race #19,KartGX390.xml
9173,Kart 4-Stroke Race,Karting 4T Race,Kart GX390 Race #23,KartGX390.xml
9173,Kart 4-Stroke Race,Karting 4T Race,Kart GX390 Race #24,KartGX390.xml
9173,Kart 4-Stroke Race,Karting 4T Race,Kart GX390 Race #25,KartGX390.xml
9173,Kart 4-Stroke Race,Karting 4T Race,Kart GX390 Race #26,KartGX390.xml
9173,Kart 4-Stroke Race,Karting 4T Race,Kart GX390 Race #60,KartGX390.xml
9173,Kart 4-Stroke Race,Karting 4T Race,Kart GX390 Race #61,KartGX390.xml
9174,Kart 4-Stroke Rental,Karting 4T Rental,Kart GX390 Rental #00,KartRental.xml
9174,Kart 4-Stroke Rental,Karting 4T Rental,Kart GX390 Rental #01,KartRental.xml
9174,Kart 4-Stroke Rental,Karting 4T Rental,Kart GX390 Rental #02,KartRental.xml
9174,Kart 4-Stroke Rental,Karting 4T Rental,Kart GX390 Rental #03,KartRental.xml
9174,Kart 4-Stroke Rental,Karting 4T Rental,Kart GX390 Rental #04,KartRental.xml
9174,Kart 4-Stroke Rental,Karting 4T Rental,Kart GX390 Rental #05,KartRental.xml
9174,Kart 4-Stroke Rental,Karting 4T Rental,Kart GX390 Rental #06,KartRental.xml
9174,Kart 4-Stroke Rental,Karting 4T Rental,Kart GX390 Rental #07,KartRental.xml
9174,Kart 4-Stroke Rental,Karting 4T Rental,Kart GX390 Rental #08,KartRental.xml
9174,Kart 4-Stroke Rental,Karting 4T Rental,Kart GX390 Rental #09,KartRental.xml
9175,Kart 2-Stroke 125cc Shifter,Karting 2T Shifter,Kart 125cc Shifter #00,KartShifter.xml
9175,Kart 2-Stroke 125cc Shifter,Karting 2T Shifter,Kart 125cc Shifter #01,KartShifter.xml
9175,Kart 2-Stroke 125cc Shifter,Karting 2T Shifter,Kart 125cc Shifter #02,KartShifter.xml
9175,Kart 2-Stroke 125cc Shifter,Karting 2T Shifter,Kart 125cc Shifter #03,KartShifter.xml
9175,Kart 2-Stroke 125cc Shifter,Karting 2T Shifter,Kart 125cc Shifter #04,KartShifter.xml
9175,Kart 2-Stroke 125cc Shifter,Karting 2T Shifter,Kart 125cc Shifter #05,KartShifter.xml
9175,Kart 2-Stroke 125cc Shifter,Karting 2T Shifter,Kart 125cc Shifter #07,KartShifter.xml
9175,Kart 2-Stroke 125cc Shifter,Karting 2T Shifter,Kart 125cc Shifter #08,KartShifter.xml
9175,Kart 2-Stroke 125cc Shifter,Karting 2T Shifter,Kart 125cc Shifter #09,KartShifter.xml
9175,Kart 2-Stroke 125cc Shifter,Karting 2T Shifter,Kart 125cc Shifter #10,KartShifter.xml
9175,Kart 2-Stroke 125cc Shifter,Karting 2T Shifter,Kart 125cc Shifter #12,KartShifter.xml
9175,Kart 2-Stroke 125cc Shifter,Karting 2T Shifter,Kart 125cc Shifter #13,KartShifter.xml
9175,Kart 2-Stroke 125cc Shifter,Karting 2T Shifter,Kart 125cc Shifter #14,KartShifter.xml
9175,Kart 2-Stroke 125cc Shifter,Karting 2T Shifter,Kart 125cc Shifter #15,KartShifter.xml
9175,Kart 2-Stroke 125cc Shifter,Karting 2T Shifter,Kart 125cc Shifter #16,KartShifter.xml
9175,Kart 2-Stroke 125cc Shifter,Karting 2T Shifter,Kart 125cc Shifter #17,KartShifter.xml
9175,Kart 2-Stroke 125cc Shifter,Karting 2T Shifter,Kart 125cc Shifter #18,KartShifter.xml
9175,Kart 2-Stroke 125cc Shifter,Karting 2T Shifter,Kart 125cc Shifter #19,KartShifter.xml
9175,Kart 2-Stroke 125cc Shifter,Karting 2T Shifter,Kart 125cc Shifter #23,KartShifter.xml
9175,Kart 2-Stroke 125cc Shifter,Karting 2T Shifter,Kart 125cc Shifter #24,KartShifter.xml
9175,Kart 2-Stroke 125cc Shifter,Karting 2T Shifter,Kart 125cc Shifter #25,KartShifter.xml
9175,Kart 2-Stroke 125cc Shifter,Karting 2T Shifter,Kart 125cc Shifter #26,KartShifter.xml
9175,Kart 2-Stroke 125cc Shifter,Karting 2T Shifter,Kart 125cc Shifter #60,KartShifter.xml
9175,Kart 2-Stroke 125cc Shifter,Karting 2T Shifter,Kart 125cc Shifter #61,KartShifter.xml
9176,Mitsubishi Lancer R,Lancer Cup,Algo Racing #72,LancerCup.xml
9176,Mitsubishi Lancer R,Lancer Cup,Carbons #30,LancerCup.xml
9176,Mitsubishi Lancer R,Lancer Cup,Farpole #89,LancerCup.xml
9176,Mitsubishi Lancer R,Lancer Cup,Garmozzi Sport #94,LancerCup.xml
9176,Mitsubishi Lancer R,Lancer Cup,Hakino Motorsport #27,LancerCup.xml
9176,Mitsubishi Lancer R,Lancer Cup,Ingato Sport #05,LancerCup.xml
9176,Mitsubishi Lancer R,Lancer Cup,Jarno Motors #41,LancerCup.xml
9176,Mitsubishi Lancer R,Lancer Cup,Monrils #19,LancerCup.xml
9176,Mitsubishi Lancer R,Lancer Cup,Privateer Sport #01,LancerCup.xml
9176,Mitsubishi Lancer R,Lancer Cup,Privateer Sport #02,LancerCup.xml
9176,Mitsubishi Lancer R,Lancer Cup,Privateer Sport #03,LancerCup.xml
9176,Mitsubishi Lancer R,Lancer Cup,Privateer Sport #04,LancerCup.xml
9176,Mitsubishi Lancer R,Lancer Cup,Privateer Sport #06,LancerCup.xml
9176,Mitsubishi Lancer R,Lancer Cup,Privateer Sport #08,LancerCup.xml
9176,Mitsubishi Lancer R,Lancer Cup,Rominos #63,LancerCup.xml
9176,Mitsubishi Lancer R,Lancer Cup,Valnoris Sport #54,LancerCup.xml
9177,Mitsubishi Lancer RS,Lancer Cup,Alvira #25,LancerCup.xml
9177,Mitsubishi Lancer RS,Lancer Cup,Brandol #74,LancerCup.xml
9177,Mitsubishi Lancer RS,Lancer Cup,Cardius Motorsport #87,LancerCup.xml
9177,Mitsubishi Lancer RS,Lancer Cup,Domeja #46,LancerCup.xml
9177,Mitsubishi Lancer RS,Lancer Cup,Kyromi #14,LancerCup.xml
9177,Mitsubishi Lancer RS,Lancer Cup,MitSport #07,LancerCup.xml
9177,Mitsubishi Lancer RS,Lancer Cup,Phobes #96,LancerCup.xml
9177,Mitsubishi Lancer RS,Lancer Cup,Privateer Sport #09,LancerCup.xml
9177,Mitsubishi Lancer RS,Lancer Cup,Privateer Sport #10,LancerCup.xml
9177,Mitsubishi Lancer RS,Lancer Cup,Privateer Sport #11,LancerCup.xml
9177,Mitsubishi Lancer RS,Lancer Cup,Privateer Sport #12,LancerCup.xml
9177,Mitsubishi Lancer RS,Lancer Cup,Privateer Sport #13,LancerCup.xml
9177,Mitsubishi Lancer RS,Lancer Cup,Privateer Sport #15,LancerCup.xml
9177,Mitsubishi Lancer RS,Lancer Cup,RaceSport #61,LancerCup.xml
9177,Mitsubishi Lancer RS,Lancer Cup,TeamPec #34,LancerCup.xml
9177,Mitsubishi Lancer RS,Lancer Cup,TekMag #17,LancerCup.xml
9178,Ligier JS2 R,LES Ligier JS2 R,Ligier JS2 R #00,LES_2025.xml
9178,Ligier JS2 R,LES Ligier JS2 R,Ligier JS2 R #01,LES_2025.xml
9178,Ligier JS2 R,LES Ligier JS2 R,Ligier JS2 R #02,LES_2025.xml
9178,Ligier JS2 R,LES Ligier JS2 R,Ligier JS2 R #03,LES_2025.xml
9178,Ligier JS2 R,LES Ligier JS2 R,Ligier JS2 R #04,LES_2025.xml
9178,Ligier JS2 R,LES Ligier JS2 R,Ligier JS2 R #05,LES_2025.xml
9178,Ligier JS2 R,LES Ligier JS2 R,Ligier JS2 R #06,LES_2025.xml
9178,Ligier JS2 R,LES Ligier JS2 R,Ligier JS2 R #07,LES_2025.xml
9178,Ligier JS2 R,LES Ligier JS2 R,Ligier JS2 R #08,LES_2025.xml
9178,Ligier JS2 R,LES Ligier JS2 R,Ligier JS2 R #09,LES_2025.xml
9178,Ligier JS2 R,LES Ligier JS2 R,Ligier JS2 R #10,LES_2025.xml
9178,Ligier JS2 R,LES Ligier JS2 R,Ligier JS2 R #11,LES_2025.xml
9178,Ligier JS2 R,LES Ligier JS2 R,Ligier JS2 R #121,LES_2025.xml
9178,Ligier JS2 R,LES Ligier JS2 R,Ligier JS2 R #132,LES_2025.xml
9178,Ligier JS2 R,LES Ligier JS2 R,Ligier JS2 R #144,LES_2025.xml
9178,Ligier JS2 R,LES Ligier JS2 R,Ligier JS2 R #157,LES_2025.xml
9178,Ligier JS2 R,LES Ligier JS2 R,Ligier JS2 R #161,LES_2025.xml
9178,Ligier JS2 R,LES Ligier JS2 R,Ligier JS2 R #180,LES_2025.xml
9178,Ligier JS2 R,LES Ligier JS2 R,Ligier JS2 R #182,LES_2025.xml
9178,Ligier JS2 R,LES Ligier JS2 R,Ligier JS2 R #55,LES_2025.xml
9178,Ligier JS2 R,LES Ligier JS2 R,Ligier JS2 R #60,LES_2025.xml
9178,Ligier JS2 R,LES Ligier JS2 R,Ligier JS2 R #76,LES_2025.xml
9178,Ligier JS2 R,LES Ligier JS2 R,Ligier JS2 R #79,LES_2025.xml
9178,Ligier JS2 R,LES Ligier JS2 R,Ligier JS2 R #80,LES_2025.xml
9178,Ligier JS2 R,LES Ligier JS2 R,Ligier JS2 R #85,LES_2025.xml
9178,Ligier JS2 R,LES Ligier JS2 R,Ligier JS2 R #88,LES_2025.xml
9178,Ligier JS2 R,LES Ligier JS2 R,Ligier JS2 R #90,LES_2025.xml
9178,Ligier JS2 R,LES Ligier JS2 R,Ligier JS2 R #92,LES_2025.xml
9178,Ligier JS2 R,LES Ligier JS2 R,Ligier JS2 R #95,LES_2025.xml
9178,Ligier JS2 R,LES Ligier JS2 R,Ligier JS2 R #99,LES_2025.xml
9179,Ligier JS P4,LES Ligier JS P4,Ligier JS P4 #12,LES_2025.xml
9179,Ligier JS P4,LES Ligier JS P4,Ligier JS P4 #13,LES_2025.xml
9179,Ligier JS P4,LES Ligier JS P4,Ligier JS P4 #14,LES_2025.xml
9179,Ligier JS P4,LES Ligier JS P4,Ligier JS P4 #15,LES_2025.xml
9179,Ligier JS P4,LES Ligier JS P4,Ligier JS P4 #16,LES_2025.xml
9179,Ligier JS P4,LES Ligier JS P4,Ligier JS P4 #17,LES_2025.xml
9179,Ligier JS P4,LES Ligier JS P4,Ligier JS P4 #18,LES_2025.xml
9179,Ligier JS P4,LES Ligier JS P4,Ligier JS P4 #19,LES_2025.xml
9179,Ligier JS P4,LES Ligier JS P4,Ligier JS P4 #20,LES_2025.xml
9179,Ligier JS P4,LES Ligier JS P4,Ligier JS P4 #21,LES_2025.xml
9179,Ligier JS P4,LES Ligier JS P4,Ligier JS P4 #22,LES_2025.xml
9179,Ligier JS P4,LES Ligier JS P4,Ligier JS P4 #23,LES_2025.xml
9179,Ligier JS P4,LES Ligier JS P4,Ligier JS P4 #24,LES_2025.xml
9179,Ligier JS P4,LES Ligier JS P4,Ligier JS P4 #25,LES_2025.xml
9179,Ligier JS P4,LES Ligier JS P4,Ligier JS P4 #26,LES_2025.xml
9180,Alpine A424,LMDh/GTP,Alpine A424 #36,LMDh.xml
9180,Alpine A424,LMDh/GTP,Alpine A424 #37,LMDh.xml
9180,Alpine A424,LMDh/GTP,Alpine A424 #38,LMDh.xml
9180,Alpine A424,LMDh/GTP,Alpine A424 #39,LMDh.xml
9181,Aston Martin Valkyrie Hypercar,LMDh/GTP,Aston Martin Valkyrie Hypercar #007,LMDh.xml
9181,Aston Martin Valkyrie Hypercar,LMDh/GTP,Aston Martin Valkyrie Hypercar #009,LMDh.xml
9181,Aston Martin Valkyrie Hypercar,LMDh/GTP,Aston Martin Valkyrie Hypercar #23 (IMSA 2025),LMDh.xml
9181,Aston Martin Valkyrie Hypercar,LMDh/GTP,Aston Martin Valkyrie Hypercar #909,LMDh.xml
9182,BMW M Hybrid V8,LMDh/GTP,BMW M Hybrid V8 #24 (IMSA 2024),LMDh.xml
9182,BMW M Hybrid V8,LMDh/GTP,BMW M Hybrid V8 #25 (IMSA 2024),LMDh.xml
9182,BMW M Hybrid V8,LMDh/GTP,BMW M Hybrid V8 #42,LMDh.xml
9182,BMW M Hybrid V8,LMDh/GTP,BMW M Hybrid V8 #43,LMDh.xml
9183,Cadillac V-Series.R,LMDh/GTP,Cadillac V-Series.R #01 (IMSA 2024),LMDh.xml
9183,Cadillac V-Series.R,LMDh/GTP,Cadillac V-Series.R #31 (IMSA 2024),LMDh.xml
9183,Cadillac V-Series.R,LMDh/GTP,Cadillac V-Series.R #5,LMDh.xml
9183,Cadillac V-Series.R,LMDh/GTP,Cadillac V-Series.R #9,LMDh.xml
9184,Lamborghini SC63,LMDh/GTP,Lamborghini SC63 #46,LMDh.xml
9184,Lamborghini SC63,LMDh/GTP,Lamborghini SC63 #47,LMDh.xml
9184,Lamborghini SC63,LMDh/GTP,Lamborghini SC63 #63 (IMSA 2024),LMDh.xml
9184,Lamborghini SC63,LMDh/GTP,Lamborghini SC63 #64,LMDh.xml
9185,Porsche 963,LMDh/GTP,Porsche 963 #5 (IMSA 2024),LMDh.xml
9185,Porsche 963,LMDh/GTP,Porsche 963 #6 (IMSA 2024),LMDh.xml
9185,Porsche 963,LMDh/GTP,Porsche 963 #7 (IMSA 2024),LMDh.xml
9185,Porsche 963,LMDh/GTP,Porsche 963 #85 (IMSA 2024),LMDh.xml
9186,Audi R8 LMP1,LMP1 2005,Audi R8 LMP1 #10,LMP1_05.xml
9186,Audi R8 LMP1,LMP1 2005,Audi R8 LMP1 #12,LMP1_05.xml
9186,Audi R8 LMP1,LMP1 2005,Audi R8 LMP1 #2,LMP1_05.xml
9186,Audi R8 LMP1,LMP1 2005,Audi R8 LMP1 #3,LMP1_05.xml
9186,Audi R8 LMP1,LMP1 2005,Audi R8 LMP1 #4,LMP1_05.xml
9186,Audi R8 LMP1,LMP1 2005,Audi R8 LMP1 #5,LMP1_05.xml
9186,Audi R8 LMP1,LMP1 2005,Audi R8 LMP1 #88,LMP1_05.xml
9186,Audi R8 LMP1,LMP1 2005,Audi R8 LMP1 #9,LMP1_05.xml
9187,Courage C60 Hybrid,LMP1 2005,Courage C60 Hybrid #00,LMP1_05.xml
9187,Courage C60 Hybrid,LMP1 2005,Courage C60 Hybrid #12,LMP1_05.xml
9187,Courage C60 Hybrid,LMP1 2005,Courage C60 Hybrid #16,LMP1_05.xml
9187,Courage C60 Hybrid,LMP1 2005,Courage C60 Hybrid #21,LMP1_05.xml
9187,Courage C60 Hybrid,LMP1 2005,Courage C60 Hybrid #37,LMP1_05.xml
9187,Courage C60 Hybrid,LMP1 2005,Courage C60 Hybrid #42,LMP1_05.xml
9187,Courage C60 Hybrid,LMP1 2005,Courage C60 Hybrid #43,LMP1_05.xml
9187,Courage C60 Hybrid,LMP1 2005,Courage C60 Hybrid #5,LMP1_05.xml
9188,Dallara SP1,LMP1 2005,Dallara SP1 #15,LMP1_05.xml
9188,Dallara SP1,LMP1 2005,Dallara SP1 #20,LMP1_05.xml
9188,Dallara SP1,LMP1 2005,Dallara SP1 #27,LMP1_05.xml
9188,Dallara SP1,LMP1 2005,Dallara SP1 #33,LMP1_05.xml
9188,Dallara SP1,LMP1 2005,Dallara SP1 #46,LMP1_05.xml
9188,Dallara SP1,LMP1 2005,Dallara SP1 #6,LMP1_05.xml
9188,Dallara SP1,LMP1 2005,Dallara SP1 #7,LMP1_05.xml
9188,Dallara SP1,LMP1 2005,Dallara SP1 #8,LMP1_05.xml
9189,Lola B05/40 Turbo,LMP2 2005,Lola B0540 Turbo #39,LMP2_05.xml
9189,Lola B05/40 Turbo,LMP2 2005,Lola B0540 Turbo #40,LMP2_05.xml
9189,Lola B05/40 Turbo,LMP2 2005,Lola B0540 Turbo #44,LMP2_05.xml
9189,Lola B05/40 Turbo,LMP2 2005,Lola B0540 Turbo #52,LMP2_05.xml
9189,Lola B05/40 Turbo,LMP2 2005,Lola B0540 Turbo #55,LMP2_05.xml
9189,Lola B05/40 Turbo,LMP2 2005,Lola B0540 Turbo #56,LMP2_05.xml
9189,Lola B05/40 Turbo,LMP2 2005,Lola B0540 Turbo #57,LMP2_05.xml
9189,Lola B05/40 Turbo,LMP2 2005,Lola B0540 Turbo #58,LMP2_05.xml
9190,Lola B05/40 V8,LMP2 2005,Lola B0540 V8 #89,LMP2_05.xml
9190,Lola B05/40 V8,LMP2 2005,Lola B0540 V8 #90,LMP2_05.xml
9190,Lola B05/40 V8,LMP2 2005,Lola B0540 V8 #91,LMP2_05.xml
9190,Lola B05/40 V8,LMP2 2005,Lola B0540 V8 #92,LMP2_05.xml
9190,Lola B05/40 V8,LMP2 2005,Lola B0540 V8 #93,LMP2_05.xml
9190,Lola B05/40 V8,LMP2 2005,Lola B0540 V8 #94,LMP2_05.xml
9190,Lola B05/40 V8,LMP2 2005,Lola B0540 V8 #95,LMP2_05.xml
9190,Lola B05/40 V8,LMP2 2005,Lola B0540 V8 #96,LMP2_05.xml
9191,Ligier JS P217,LMP2 Gen 2,Ligier JS P217 #12,LMP2.xml
9191,Ligier JS P217,LMP2 Gen 2,Ligier JS P217 #25,LMP2.xml
9191,Ligier JS P217,LMP2 Gen 2,Ligier JS P217 #33 (IMSA 2024),LMP2.xml
9191,Ligier JS P217,LMP2 Gen 2,Ligier JS P217 #39,LMP2.xml
9191,Ligier JS P217,LMP2 Gen 2,Ligier JS P217 #42,LMP2.xml
9191,Ligier JS P217,LMP2 Gen 2,Ligier JS P217 #44,LMP2.xml
9191,Ligier JS P217,LMP2 Gen 2,Ligier JS P217 #50,LMP2.xml
9191,Ligier JS P217,LMP2 Gen 2,Ligier JS P217 #61,LMP2.xml
9191,Ligier JS P217,LMP2 Gen 2,Ligier JS P217 #70,LMP2.xml
9191,Ligier JS P217,LMP2 Gen 2,Ligier JS P217 #77,LMP2.xml
9191,Ligier JS P217,LMP2 Gen 2,Ligier JS P217 #82,LMP2.xml
9191,Ligier JS P217,LMP2 Gen 2,Ligier JS P217 #88,LMP2.xml
9192,Oreca 07,LMP2 Gen 2,Oreca 07 #04 (IMSA 2024),LMP2.xml
9192,Oreca 07,LMP2 Gen 2,Oreca 07 #11 (IMSA 2024),LMP2.xml
9192,Oreca 07,LMP2 Gen 2,Oreca 07 #18 (IMSA 2024),LMP2.xml
9192,Oreca 07,LMP2 Gen 2,Oreca 07 #2 (IMSA 2024),LMP2.xml
9192,Oreca 07,LMP2 Gen 2,Oreca 07 #20 (IMSA 2024),LMP2.xml
9192,Oreca 07,LMP2 Gen 2,Oreca 07 #22 (IMSA 2024),LMP2.xml
9192,Oreca 07,LMP2 Gen 2,Oreca 07 #52 (IMSA 2024),LMP2.xml
9192,Oreca 07,LMP2 Gen 2,Oreca 07 #74 (IMSA 2024),LMP2.xml
9192,Oreca 07,LMP2 Gen 2,Oreca 07 #8 (IMSA 2024),LMP2.xml
9192,Oreca 07,LMP2 Gen 2,Oreca 07 #81 (IMSA 2024),LMP2.xml
9192,Oreca 07,LMP2 Gen 2,Oreca 07 #88 (IMSA 2024),LMP2.xml
9192,Oreca 07,LMP2 Gen 2,Oreca 07 #99 (IMSA 2024),LMP2.xml
9193,BMW M1 Procar,M1 Procar,Apex Motorsports #86,Procar.xml
9193,BMW M1 Procar,M1 Procar,Apex Motorsports #87,Procar.xml
9193,BMW M1 Procar,M1 Procar,Artenova Roxmil Racing #24,Procar.xml
9193,BMW M1 Procar,M1 Procar,Artenova Roxmil Racing #25,Procar.xml
9193,BMW M1 Procar,M1 Procar,BMW Motorsport #01,Procar.xml
9193,BMW M1 Procar,M1 Procar,BMW Motorsport #06,Procar.xml
9193,BMW M1 Procar,M1 Procar,Cassino Racing #07,Procar.xml
9193,BMW M1 Procar,M1 Procar,Cassino Racing #08,Procar.xml
9193,BMW M1 Procar,M1 Procar,Deutsche Bier Team #35,Procar.xml
9193,BMW M1 Procar,M1 Procar,Deutsche Bier Team #36,Procar.xml
9193,BMW M1 Procar,M1 Procar,DTSA Procar Motorsport #22,Procar.xml
9193,BMW M1 Procar,M1 Procar,DTSA Procar Motorsport #23,Procar.xml
9193,BMW M1 Procar,M1 Procar,Gelbbuchtelekom #42,Procar.xml
9193,BMW M1 Procar,M1 Procar,Gelbbuchtelekom #43,Procar.xml
9193,BMW M1 Procar,M1 Procar,Gold Seal Racing #81,Procar.xml
9193,BMW M1 Procar,M1 Procar,Gold Seal Racing #82,Procar.xml
9193,BMW M1 Procar,M1 Procar,Green Spartan #37,Procar.xml
9193,BMW M1 Procar,M1 Procar,Green Spartan #38,Procar.xml
9193,BMW M1 Procar,M1 Procar,M-Sport Veloce #19,Procar.xml
9193,BMW M1 Procar,M1 Procar,M-Sport Veloce #20,Procar.xml
9193,BMW M1 Procar,M1 Procar,Maxwell Team #27,Procar.xml
9193,BMW M1 Procar,M1 Procar,Maxwell Team #28,Procar.xml
9193,BMW M1 Procar,M1 Procar,Tres KingsGoodspeed #02,Procar.xml
9193,BMW M1 Procar,M1 Procar,Tres KingsGoodspeed #03,Procar.xml
9193,BMW M1 Procar,M1 Procar,WeiBbierPetrocelli Racing #17,Procar.xml
9193,BMW M1 Procar,M1 Procar,WeiBbierPetrocelli Racing #18,Procar.xml
9194,Chevrolet Opala,Old Stock Race,Opala Old Stock Race #01,OldStock.xml
9194,Chevrolet Opala,Old Stock Race,Opala Old Stock Race #11,OldStock.xml
9194,Chevrolet Opala,Old Stock Race,Opala Old Stock Race #113,OldStock.xml
9194,Chevrolet Opala,Old Stock Race,Opala Old Stock Race #17,OldStock.xml
9194,Chevrolet Opala,Old Stock Race,Opala Old Stock Race #18,OldStock.xml
9194,Chevrolet Opala,Old Stock Race,Opala Old Stock Race #2,OldStock.xml
9194,Chevrolet Opala,Old Stock Race,Opala Old Stock Race #22,OldStock.xml
9194,Chevrolet Opala,Old Stock Race,Opala Old Stock Race #23,OldStock.xml
9194,Chevrolet Opala,Old Stock Race,Opala Old Stock Race #3,OldStock.xml
9194,Chevrolet Opala,Old Stock Race,Opala Old Stock Race #45,OldStock.xml
9194,Chevrolet Opala,Old Stock Race,Opala Old Stock Race #51,OldStock.xml
9194,Chevrolet Opala,Old Stock Race,Opala Old Stock Race #54,OldStock.xml
9194,Chevrolet Opala,Old Stock Race,Opala Old Stock Race #6,OldStock.xml
9194,Chevrolet Opala,Old Stock Race,Opala Old Stock Race #64,OldStock.xml
9194,Chevrolet Opala,Old Stock Race,Opala Old Stock Race #77,OldStock.xml
9194,Chevrolet Opala,Old Stock Race,Opala Old Stock Race #78,OldStock.xml
9194,Chevrolet Opala,Old Stock Race,Opala Old Stock Race #79,OldStock.xml
9194,Chevrolet Opala,Old Stock Race,Opala Old Stock Race #89,OldStock.xml
9194,Chevrolet Opala,Old Stock Race,Opala Old Stock Race #9,OldStock.xml
9194,Chevrolet Opala,Old Stock Race,Opala Old Stock Race #909,OldStock.xml
9194,Chevrolet Opala,Old Stock Race,Opala Old Stock Race #93,OldStock.xml
9195,Ginetta G58,P1 Gen 1,Ginetta G58 #1,P1.xml
9195,Ginetta G58,P1 Gen 1,Ginetta G58 #20,P1.xml
9195,Ginetta G58,P1 Gen 1,Ginetta G58 #21,P1.xml
9195,Ginetta G58,P1 Gen 1,Ginetta G58 #22,P1.xml
9195,Ginetta G58,P1 Gen 1,Ginetta G58 #53,P1.xml
9195,Ginetta G58,P1 Gen 1,Ginetta G58 #54,P1.xml
9196,Metalmoro AJR Judd,P1 Gen 1,JLM Racing #29,P1.xml
9196,Metalmoro AJR Judd,P1 Gen 1,MM AJR #30 - P.Tiago Skin,P1.xml
9196,Metalmoro AJR Judd,P1 Gen 1,MM AJR #52 - E.Mesquita Skin,P1.xml
9196,Metalmoro AJR Judd,P1 Gen 1,MM AJR #84 - J.Billings Skin,P1.xml
9196,Metalmoro AJR Judd,P1 Gen 1,Reiza Engineering #7,P1.xml
9196,Metalmoro AJR Judd,P1 Gen 1,VX Endurance #8,P1.xml
9197,Metalmoro AJR Nissan,P1 Gen 1,Kia Power Imports Racing #80,P1.xml
9197,Metalmoro AJR Nissan,P1 Gen 1,Laponi Racing #73,P1.xml
9197,Metalmoro AJR Nissan,P1 Gen 1,MM AJR #10 - E.Sackbauer Skin,P1.xml
9197,Metalmoro AJR Nissan,P1 Gen 1,MM AJR #35 - A.Mocanu Skin,P1.xml
9197,Metalmoro AJR Nissan,P1 Gen 1,MM AJR #55 - P.Papaioannou Skin,P1.xml
9197,Metalmoro AJR Nissan,P1 Gen 1,Padole Racing #21,P1.xml
9197,Metalmoro AJR Nissan,P1 Gen 1,Padole Racing #27,P1.xml
9198,Metalmoro AJR Honda,P1 Gen 1,JLM Racing #11,P1.xml
9198,Metalmoro AJR Honda,P1 Gen 1,MM AJR #22 - F.Castelloes Skin,P1.xml
9198,Metalmoro AJR Honda,P1 Gen 1,MM AJR #40 - D.Emerson Skin,P1.xml
9198,Metalmoro AJR Honda,P1 Gen 1,MM AJR #62 - R.Sandstorm Skin,P1.xml
9198,Metalmoro AJR Honda,P1 Gen 1,Motikov Sport #13,P1.xml
9198,Metalmoro AJR Honda,P1 Gen 1,Motikov Sport #15,P1.xml
9198,Metalmoro AJR Honda,P1 Gen 1,Mottin Racing #46,P1.xml
9198,Metalmoro AJR Honda,P1 Gen 1,PMotor Brasil #2,P1.xml
9199,Metalmoro AJR Chevrolet,P1 Gen 1,AJR-Tubarao #5,P1.xml
9199,Metalmoro AJR Chevrolet,P1 Gen 1,JLM Racing #113,P1.xml
9199,Metalmoro AJR Chevrolet,P1 Gen 1,JLM Racing #175,P1.xml
9199,Metalmoro AJR Chevrolet,P1 Gen 1,JLM Racing #28,P1.xml
9199,Metalmoro AJR Chevrolet,P1 Gen 1,JLM Racing #43,P1.xml
9199,Metalmoro AJR Chevrolet,P1 Gen 1,MM AJR #37 - H.Blom Skin,P1.xml
9199,Metalmoro AJR Chevrolet,P1 Gen 1,MM AJR #58 - S.Rogers Skin,P1.xml
9199,Metalmoro AJR Chevrolet,P1 Gen 1,NC Racing #65,P1.xml
9200,Ligier JS P320,P1 Gen 2,Ligier JS P320 #10,P1Gen2.xml
9200,Ligier JS P320,P1 Gen 2,Ligier JS P320 #117,P1Gen2.xml
9200,Ligier JS P320,P1 Gen 2,Ligier JS P320 #15,P1Gen2.xml
9200,Ligier JS P320,P1 Gen 2,Ligier JS P320 #33,P1Gen2.xml
9200,Ligier JS P320,P1 Gen 2,Ligier JS P320 #7,P1Gen2.xml
9201,Metalmoro AJR Gen2 Chevrolet,P1 Gen 2,FTR Motorsport #175,P1Gen2.xml
9201,Metalmoro AJR Gen2 Chevrolet,P1 Gen 2,MM AJR Chev Gen2 #232,P1Gen2.xml
9201,Metalmoro AJR Gen2 Chevrolet,P1 Gen 2,MM AJR Chev Gen2 #55,P1Gen2.xml
9201,Metalmoro AJR Gen2 Chevrolet,P1 Gen 2,Mottin Racing #46,P1Gen2.xml
9202,Metalmoro AJR Gen2 Honda,P1 Gen 2,ADS Racing #72,P1Gen2.xml
9202,Metalmoro AJR Gen2 Honda,P1 Gen 2,JLM Racing #28,P1Gen2.xml
9202,Metalmoro AJR Gen2 Honda,P1 Gen 2,MM AJR Honda Gen2 #30,P1Gen2.xml
9202,Metalmoro AJR Gen2 Honda,P1 Gen 2,MM AJR Honda Gen2 #52,P1Gen2.xml
9203,Metalmoro AJR Gen2 Nissan,P1 Gen 2,Box 99 Racing #99,P1Gen2.xml
9203,Metalmoro AJR Gen2 Nissan,P1 Gen 2,MM AJR Nissan Gen2 #36,P1Gen2.xml
9203,Metalmoro AJR Gen2 Nissan,P1 Gen 2,MM AJR Nissan Gen2 #66,P1Gen2.xml
9203,Metalmoro AJR Gen2 Nissan,P1 Gen 2,Power Imports #80,P1Gen2.xml
9204,Ginetta G58 Gen2,P1 Gen 2,Ginetta G58 Gen2 #1,P1Gen2.xml
9204,Ginetta G58 Gen2,P1 Gen 2,Ginetta G58 Gen2 #20,P1Gen2.xml
9204,Ginetta G58 Gen2,P1 Gen 2,Ginetta G58 Gen2 #21,P1Gen2.xml
9204,Ginetta G58 Gen2,P1 Gen 2,Ginetta G58 Gen2 #22,P1Gen2.xml
9204,Ginetta G58 Gen2,P1 Gen 2,Ginetta G58 Gen2 #53,P1Gen2.xml
9204,Ginetta G58 Gen2,P1 Gen 2,Ginetta G58 Gen2 #54,P1Gen2.xml
9205,Sigma P1 G5,P1 Gen 2,Motorcar Racing #444,P1Gen2.xml
9205,Sigma P1 G5,P1 Gen 2,Sigma Motorsport #02,P1Gen2.xml
9205,Sigma P1 G5,P1 Gen 2,Sigma P1 G5 #13,P1Gen2.xml
9205,Sigma P1 G5,P1 Gen 2,Sigma P1 G5 #5,P1Gen2.xml
9205,Sigma P1 G5,P1 Gen 2,Sigma P1 G5 #85,P1Gen2.xml
9206,Metalmoro MRX Duratec P2,P2,MetalMoro MRX P2 #05,P2.xml
9206,Metalmoro MRX Duratec P2,P2,MetalMoro MRX P2 #32,P2.xml
9206,Metalmoro MRX Duratec P2,P2,MetalMoro MRX P2 #39,P2.xml
9206,Metalmoro MRX Duratec P2,P2,MetalMoro MRX P2 #60,P2.xml
9206,Metalmoro MRX Duratec P2,P2,MetalMoro MRX P2 #78,P2.xml
9206,Metalmoro MRX Duratec P2,P2,MetalMoro MRX P2 #79,P2.xml
9206,Metalmoro MRX Duratec P2,P2,MetalMoro MRX P2 #80,P2.xml
9206,Metalmoro MRX Duratec P2,P2,MetalMoro MRX P2 #81,P2.xml
9206,Metalmoro MRX Duratec P2,P2,MetalMoro MRX P2 #82,P2.xml
9207,Sigma P1,P2,Sigma P1 #12,P2.xml
9207,Sigma P1,P2,Sigma P1 #14,P2.xml
9207,Sigma P1,P2,Sigma P1 #15,P2.xml
9207,Sigma P1,P2,Sigma P1 #16,P2.xml
9207,Sigma P1,P2,Sigma P1 #17,P2.xml
9207,Sigma P1,P2,Sigma P1 #72,P2.xml
9208,Metalmoro MRX Honda P3,P3,MetalMoro MRX Honda P3 #07,P3.xml
9208,Metalmoro MRX Honda P3,P3,MetalMoro MRX Honda P3 #17,P3.xml
9208,Metalmoro MRX Honda P3,P3,MetalMoro MRX Honda P3 #36,P3.xml
9208,Metalmoro MRX Honda P3,P3,MetalMoro MRX Honda P3 #37,P3.xml
9208,Metalmoro MRX Honda P3,P3,MetalMoro MRX Honda P3 #65,P3.xml
9208,Metalmoro MRX Honda P3,P3,MetalMoro MRX Honda P3 #72,P3.xml
9208,Metalmoro MRX Honda P3,P3,MetalMoro MRX Honda P3 #93,P3.xml
9208,Metalmoro MRX Honda P3,P3,MetalMoro MRX Honda P3 #94,P3.xml
9209,Metalmoro MRX Duratec P3,P3,MetalMoro MRX Duratec Turbo P3 #55,P3.xml
9209,Metalmoro MRX Duratec P3,P3,MetalMoro MRX Duratec Turbo P3 #56,P3.xml
9209,Metalmoro MRX Duratec P3,P3,MetalMoro MRX Duratec Turbo P3 #57,P3.xml
9209,Metalmoro MRX Duratec P3,P3,MetalMoro MRX Duratec Turbo P3 #59,P3.xml
9209,Metalmoro MRX Duratec P3,P3,MetalMoro MRX Duratec Turbo P3 #75,P3.xml
9209,Metalmoro MRX Duratec P3,P3,MetalMoro MRX Duratec Turbo P3 #81,P3.xml
9209,Metalmoro MRX Duratec P3,P3,MetalMoro MRX Duratec Turbo P3 #82,P3.xml
9209,Metalmoro MRX Duratec P3,P3,MetalMoro MRX Duratec Turbo P3 #96,P3.xml
9210,Roco 001,P3,Roco 001 #21,P3.xml
9210,Roco 001,P3,Roco 001 #46,P3.xml
9210,Roco 001,P3,Roco 001 #69,P3.xml
9210,Roco 001,P3,Roco 001 #70,P3.xml
9210,Roco 001,P3,Roco 001 #71,P3.xml
9210,Roco 001,P3,Roco 001 #98,P3.xml
9211,MCR S2000,P4,MCR S2000 #1,P4.xml
9211,MCR S2000,P4,MCR S2000 #10,P4.xml
9211,MCR S2000,P4,MCR S2000 #11,P4.xml
9211,MCR S2000,P4,MCR S2000 #12,P4.xml
9211,MCR S2000,P4,MCR S2000 #13,P4.xml
9211,MCR S2000,P4,MCR S2000 #14,P4.xml
9211,MCR S2000,P4,MCR S2000 #15,P4.xml
9211,MCR S2000,P4,MCR S2000 #17,P4.xml
9211,MCR S2000,P4,MCR S2000 #18,P4.xml
9211,MCR S2000,P4,MCR S2000 #19,P4.xml
9211,MCR S2000,P4,MCR S2000 #21,P4.xml
9211,MCR S2000,P4,MCR S2000 #22,P4.xml
9211,MCR S2000,P4,MCR S2000 #23,P4.xml
9211,MCR S2000,P4,MCR S2000 #25,P4.xml
9211,MCR S2000,P4,MCR S2000 #26,P4.xml
9211,MCR S2000,P4,MCR S2000 #27 - A.Tobin Skin,P4.xml
9211,MCR S2000,P4,MCR S2000 #28 - O.Mocanu Skin,P4.xml
9211,MCR S2000,P4,MCR S2000 #29,P4.xml
9211,MCR S2000,P4,MCR S2000 #3,P4.xml
9211,MCR S2000,P4,MCR S2000 #30,P4.xml
9211,MCR S2000,P4,MCR S2000 #31,P4.xml
9211,MCR S2000,P4,MCR S2000 #4,P4.xml
9211,MCR S2000,P4,MCR S2000 #42 - S.de Boer Skin,P4.xml
9211,MCR S2000,P4,MCR S2000 #5,P4.xml
9211,MCR S2000,P4,MCR S2000 #6,P4.xml
9211,MCR S2000,P4,MCR S2000 #8,P4.xml
9211,MCR S2000,P4,MCR S2000 #9,P4.xml
9212,Metalmoro MRX Duratec P4,P4,Metalmoro MRX P4 #16,P4.xml
9212,Metalmoro MRX Duratec P4,P4,Metalmoro MRX P4 #2,P4.xml
9212,Metalmoro MRX Duratec P4,P4,Metalmoro MRX P4 #20,P4.xml
9212,Metalmoro MRX Duratec P4,P4,Metalmoro MRX P4 #24,P4.xml
9212,Metalmoro MRX Duratec P4,P4,Metalmoro MRX P4 #34,P4.xml
9212,Metalmoro MRX Duratec P4,P4,Metalmoro MRX P4 #40,P4.xml
9212,Metalmoro MRX Duratec P4,P4,Metalmoro MRX P4 #43,P4.xml
9212,Metalmoro MRX Duratec P4,P4,Metalmoro MRX P4 #44,P4.xml
9212,Metalmoro MRX Duratec P4,P4,Metalmoro MRX P4 #56,P4.xml
9212,Metalmoro MRX Duratec P4,P4,Metalmoro MRX P4 #7,P4.xml
9213,Citroen DS3RX,Rallycross,Citroen DS3 RX #10,RX.xml
9213,Citroen DS3RX,Rallycross,Citroen DS3 RX #18,RX.xml
9213,Citroen DS3RX,Rallycross,Citroen DS3 RX #303,RX.xml
9213,Citroen DS3RX,Rallycross,Citroen DS3 RX #444,RX.xml
9214,Mini Countryman R60 RX,Rallycross,MINI R60 RX #59,RX.xml
9214,Mini Countryman R60 RX,Rallycross,MINI R60 RX #725,RX.xml
9214,Mini Countryman R60 RX,Rallycross,MINI R60 RX #88,RX.xml
9214,Mini Countryman R60 RX,Rallycross,MINI R60 RX #931,RX.xml
9215,Mitsubishi Lancer Evo10 RX,Rallycross,Mitsubishi Lancer RX #111,RX.xml
9215,Mitsubishi Lancer Evo10 RX,Rallycross,Mitsubishi Lancer RX #242,RX.xml
9215,Mitsubishi Lancer Evo10 RX,Rallycross,Mitsubishi Lancer RX #56,RX.xml
9215,Mitsubishi Lancer Evo10 RX,Rallycross,Mitsubishi Lancer RX #61,RX.xml
9216,Volkswagen Polo RX,Rallycross,VW Polo RX #25,RX.xml
9216,Volkswagen Polo RX,Rallycross,VW Polo RX #324,RX.xml
9216,Volkswagen Polo RX,Rallycross,VW Polo RX #74,RX.xml
9216,Volkswagen Polo RX,Rallycross,VW Polo RX #888,RX.xml
9217,Sprint Race,Sprint Race,Allan Croce #61,SprintRace.xml
9217,Sprint Race,Sprint Race,Cae Coelho #55,SprintRace.xml
9217,Sprint Race,Sprint Race,Cassio Cortes #09,SprintRace.xml
9217,Sprint Race,Sprint Race,Daniel Coutinho #17,SprintRace.xml
9217,Sprint Race,Sprint Race,Edu Menossi #85,SprintRace.xml
9217,Sprint Race,Sprint Race,Felipe Neira #28,SprintRace.xml
9217,Sprint Race,Sprint Race,Francesco Franciosi #73,SprintRace.xml
9217,Sprint Race,Sprint Race,Franco Pasquale #78,SprintRace.xml
9217,Sprint Race,Sprint Race,Gerson Campos #82,SprintRace.xml
9217,Sprint Race,Sprint Race,Joao Rosate #858,SprintRace.xml
9217,Sprint Race,Sprint Race,Kaua Machado #7,SprintRace.xml
9217,Sprint Race,Sprint Race,Luciano Zangirolami #19,SprintRace.xml
9217,Sprint Race,Sprint Race,Luiz Arruda #44,SprintRace.xml
9217,Sprint Race,Sprint Race,Marcelo Henriques #03,SprintRace.xml
9217,Sprint Race,Sprint Race,Nathan Brito #77,SprintRace.xml
9217,Sprint Race,Sprint Race,Pedro Lopes #18,SprintRace.xml
9217,Sprint Race,Sprint Race,Rubens Barrichello #111,SprintRace.xml
9217,Sprint Race,Sprint Race,Sergio Ramalho #79,SprintRace.xml
9217,Sprint Race,Sprint Race,Vinny Azevedo #99,SprintRace.xml
9217,Sprint Race,Sprint Race,Walter Lester #33,SprintRace.xml
9218,Chevrolet Opala Stock Cars 1979,Stock Car Brasil 1979,Affonso Giaffone #26,Opala79.xml
9218,Chevrolet Opala Stock Cars 1979,Stock Car Brasil 1979,Alencar Junior #3,Opala79.xml
9218,Chevrolet Opala Stock Cars 1979,Stock Car Brasil 1979,Alfredo Menezes #61,Opala79.xml
9218,Chevrolet Opala Stock Cars 1979,Stock Car Brasil 1979,Arthur Bragantini #80,Opala79.xml
9218,Chevrolet Opala Stock Cars 1979,Stock Car Brasil 1979,Carlos Andrade #5,Opala79.xml
9218,Chevrolet Opala Stock Cars 1979,Stock Car Brasil 1979,Edgard Filho #7,Opala79.xml
9218,Chevrolet Opala Stock Cars 1979,Stock Car Brasil 1979,Ingo Hoffmann #10,Opala79.xml
9218,Chevrolet Opala Stock Cars 1979,Stock Car Brasil 1979,Joao Palhares #48,Opala79.xml
9218,Chevrolet Opala Stock Cars 1979,Stock Car Brasil 1979,Julio Tedesco #17,Opala79.xml
9218,Chevrolet Opala Stock Cars 1979,Stock Car Brasil 1979,Luis Pereira #11,Opala79.xml
9218,Chevrolet Opala Stock Cars 1979,Stock Car Brasil 1979,Mauro Sa Motta #98,Opala79.xml
9218,Chevrolet Opala Stock Cars 1979,Stock Car Brasil 1979,Paulo Gomes #22,Opala79.xml
9218,Chevrolet Opala Stock Cars 1979,Stock Car Brasil 1979,Paulo Valiengo #9,Opala79.xml
9218,Chevrolet Opala Stock Cars 1979,Stock Car Brasil 1979,Raul Boesel #81,Opala79.xml
9218,Chevrolet Opala Stock Cars 1979,Stock Car Brasil 1979,Reinaldo Campello #30,Opala79.xml
9218,Chevrolet Opala Stock Cars 1979,Stock Car Brasil 1979,Ricardo Oliveira #8,Opala79.xml
9218,Chevrolet Opala Stock Cars 1979,Stock Car Brasil 1979,Sidney Alves #163,Opala79.xml
9218,Chevrolet Opala Stock Cars 1979,Stock Car Brasil 1979,Walter Spinelli #58,Opala79.xml
9218,Chevrolet Opala Stock Cars 1979,Stock Car Brasil 1979,Walter Travaglini #62,Opala79.xml
9218,Chevrolet Opala Stock Cars 1979,Stock Car Brasil 1979,Zeca Giaffone #31,Opala79.xml
9219,Chevrolet Opala Stock Cars 1986,Stock Car Brasil 1986,Action - Oscar Chanosky #52,Opala86.xml
9219,Chevrolet Opala Stock Cars 1986,Stock Car Brasil 1986,Action - Paulo de T.Marques #51,Opala86.xml
9219,Chevrolet Opala Stock Cars 1986,Stock Car Brasil 1986,Agip-Blindex - Leonardode Almeida #37,Opala86.xml
9219,Chevrolet Opala Stock Cars 1986,Stock Car Brasil 1986,Agip-Blindex - Lian Duarte #38,Opala86.xml
9219,Chevrolet Opala Stock Cars 1986,Stock Car Brasil 1986,DIMEP - Dimas Pimenta #6,Opala86.xml
9219,Chevrolet Opala Stock Cars 1986,Stock Car Brasil 1986,Dudacar - Regina Calderoni #64,Opala86.xml
9219,Chevrolet Opala Stock Cars 1986,Stock Car Brasil 1986,Havolion-Texaco - Luis Pereira #62,Opala86.xml
9219,Chevrolet Opala Stock Cars 1986,Stock Car Brasil 1986,Havolion-Texaco - Marcos Gracia  #67,Opala86.xml
9219,Chevrolet Opala Stock Cars 1986,Stock Car Brasil 1986,HG - Fabio Mayor #12,Opala86.xml
9219,Chevrolet Opala Stock Cars 1986,Stock Car Brasil 1986,HG - Paulo Gomes #22,Opala86.xml
9219,Chevrolet Opala Stock Cars 1986,Stock Car Brasil 1986,Metalpo-Combustol - Ingo Hoffmann #17,Opala86.xml
9219,Chevrolet Opala Stock Cars 1986,Stock Car Brasil 1986,Molas Hoesch - Chico Serra #13,Opala86.xml
9219,Chevrolet Opala Stock Cars 1986,Stock Car Brasil 1986,Queijo Manaca - Ananias Justino #25,Opala86.xml
9219,Chevrolet Opala Stock Cars 1986,Stock Car Brasil 1986,Queijo Manaca - Laercio Justino #26,Opala86.xml
9219,Chevrolet Opala Stock Cars 1986,Stock Car Brasil 1986,Refricentro - Affonso Giaffone #10,Opala86.xml
9219,Chevrolet Opala Stock Cars 1986,Stock Car Brasil 1986,Refricentro - Alencar Junior #19,Opala86.xml
9219,Chevrolet Opala Stock Cars 1986,Stock Car Brasil 1986,Refricentro - Walter Travaglini #33,Opala86.xml
9219,Chevrolet Opala Stock Cars 1986,Stock Car Brasil 1986,Refricentro - Zeca Giaffone #31,Opala86.xml
9219,Chevrolet Opala Stock Cars 1986,Stock Car Brasil 1986,Tepetes Bandeirante - Jose Carlos Dias #7,Opala86.xml
9219,Chevrolet Opala Stock Cars 1986,Stock Car Brasil 1986,Tepetes Bandeirante - Walter Corsi #8,Opala86.xml
9220,Chevrolet Omega Stock Car 1999,Stock Car Brasil 1999,Action Power - Luciano Zangirolami #33,StockCar99.xml
9220,Chevrolet Omega Stock Car 1999,Stock Car Brasil 1999,AJ Competicoes - Adalberto Jardim #5,StockCar99.xml
9220,Chevrolet Omega Stock Car 1999,Stock Car Brasil 1999,Boettger - Flavio Trindade #34,StockCar99.xml
9220,Chevrolet Omega Stock Car 1999,Stock Car Brasil 1999,CA Competicoes - Carlos Alves #8,StockCar99.xml
9220,Chevrolet Omega Stock Car 1999,Stock Car Brasil 1999,Carlos Neto #0,StockCar99.xml
9220,Chevrolet Omega Stock Car 1999,Stock Car Brasil 1999,Fausto Rezende #13,StockCar99.xml
9220,Chevrolet Omega Stock Car 1999,Stock Car Brasil 1999,GasGas - Rodney Felicio #57,StockCar99.xml
9220,Chevrolet Omega Stock Car 1999,Stock Car Brasil 1999,Giuseppe Vecchi #88,StockCar99.xml
9220,Chevrolet Omega Stock Car 1999,Stock Car Brasil 1999,JF Racing - Carlos Cunha #54,StockCar99.xml
9220,Chevrolet Omega Stock Car 1999,Stock Car Brasil 1999,JF Racing - Ingo Hoffmann #1,StockCar99.xml
9220,Chevrolet Omega Stock Car 1999,Stock Car Brasil 1999,NASCAR Motorsport - Marcelo Tedesco #91,StockCar99.xml
9220,Chevrolet Omega Stock Car 1999,Stock Car Brasil 1999,Newton Grillo #21,StockCar99.xml
9220,Chevrolet Omega Stock Car 1999,Stock Car Brasil 1999,One Energy Racing - Aloysio Andrade #77,StockCar99.xml
9220,Chevrolet Omega Stock Car 1999,Stock Car Brasil 1999,Racing Star - Laercio Justino #26,StockCar99.xml
9220,Chevrolet Omega Stock Car 1999,Stock Car Brasil 1999,Spinelli Racing - Paulo Gomes #22,StockCar99.xml
9220,Chevrolet Omega Stock Car 1999,Stock Car Brasil 1999,Sterilgarda MRT - Ananias Justino #25,StockCar99.xml
9220,Chevrolet Omega Stock Car 1999,Stock Car Brasil 1999,Team Medley - Guto Negrao #27,StockCar99.xml
9220,Chevrolet Omega Stock Car 1999,Stock Car Brasil 1999,Team Medley - Xandy Negrao #9,StockCar99.xml
9220,Chevrolet Omega Stock Car 1999,Stock Car Brasil 1999,WB Motorsport - Carlos Falletti #6,StockCar99.xml
9220,Chevrolet Omega Stock Car 1999,Stock Car Brasil 1999,WB Motorsport - Chico Serra #3,StockCar99.xml
9221,Chevrolet Cruze Stock Car 2019,Stock Car Brasil 2019,Blau Motorsport - A.Khodair #18,StockCarV8.xml
9221,Chevrolet Cruze Stock Car 2019,Stock Car Brasil 2019,Blau Motorsport - C.Ramos #30,StockCarV8.xml
9221,Chevrolet Cruze Stock Car 2019,Stock Car Brasil 2019,Cavaleiro Sports - D.Navarro #5,StockCarV8.xml
9221,Chevrolet Cruze Stock Car 2019,Stock Car Brasil 2019,Cavaleiro Sports - F.Lapenna #110,StockCarV8.xml
9221,Chevrolet Cruze Stock Car 2019,Stock Car Brasil 2019,CIMED Racing - C.Bueno #00,StockCarV8.xml
9221,Chevrolet Cruze Stock Car 2019,Stock Car Brasil 2019,CIMED Racing - F.Fraga #88,StockCarV8.xml
9221,Chevrolet Cruze Stock Car 2019,Stock Car Brasil 2019,Crown Racing - G.Casagrande #83,StockCarV8.xml
9221,Chevrolet Cruze Stock Car 2019,Stock Car Brasil 2019,Crown Racing - M.Colleta #177,StockCarV8.xml
9221,Chevrolet Cruze Stock Car 2019,Stock Car Brasil 2019,Eurofarma RC - D.Serra #29,StockCarV8.xml
9221,Chevrolet Cruze Stock Car 2019,Stock Car Brasil 2019,Eurofarma RC - R.Mauricio #90,StockCarV8.xml
9221,Chevrolet Cruze Stock Car 2019,Stock Car Brasil 2019,Full Time Sports - N.Piquet Jr #33,StockCarV8.xml
9221,Chevrolet Cruze Stock Car 2019,Stock Car Brasil 2019,Full Time Sports - R.Barrichello #111,StockCarV8.xml
9221,Chevrolet Cruze Stock Car 2019,Stock Car Brasil 2019,Hot Car Competicoes - P.Cardoso #143,StockCarV8.xml
9221,Chevrolet Cruze Stock Car 2019,Stock Car Brasil 2019,Hot Car Competicoes - R.Suzuki #8,StockCarV8.xml
9221,Chevrolet Cruze Stock Car 2019,Stock Car Brasil 2019,Ipiranga Racing - B.Figueiredo #3,StockCarV8.xml
9221,Chevrolet Cruze Stock Car 2019,Stock Car Brasil 2019,Ipiranga Racing - T.Camilo #21,StockCarV8.xml
9221,Chevrolet Cruze Stock Car 2019,Stock Car Brasil 2019,KTF Sports - D.Nunes #70,StockCarV8.xml
9221,Chevrolet Cruze Stock Car 2019,Stock Car Brasil 2019,KTF Sports - M.Gomes #80,StockCarV8.xml
9221,Chevrolet Cruze Stock Car 2019,Stock Car Brasil 2019,Prati-Donaduzzi Racing - J.Campos #4,StockCarV8.xml
9221,Chevrolet Cruze Stock Car 2019,Stock Car Brasil 2019,Prati-Donaduzzi Racing - V.Brito #77,StockCarV8.xml
9221,Chevrolet Cruze Stock Car 2019,Stock Car Brasil 2019,RCM - B.Baptista #44,StockCarV8.xml
9221,Chevrolet Cruze Stock Car 2019,Stock Car Brasil 2019,RCM - M.Wilson #65,StockCarV8.xml
9221,Chevrolet Cruze Stock Car 2019,Stock Car Brasil 2019,Shell Helix Ultra - G.di Mauro #11,StockCarV8.xml
9221,Chevrolet Cruze Stock Car 2019,Stock Car Brasil 2019,Shell Helix Ultra - G.Osman #28,StockCarV8.xml
9221,Chevrolet Cruze Stock Car 2019,Stock Car Brasil 2019,Shell V-Power - A.Abreu #51,StockCarV8.xml
9221,Chevrolet Cruze Stock Car 2019,Stock Car Brasil 2019,Shell V-Power - R.Zonta #10,StockCarV8.xml
9221,Chevrolet Cruze Stock Car 2019,Stock Car Brasil 2019,Vogel Motorsport - G.Lima #9,StockCarV8.xml
9221,Chevrolet Cruze Stock Car 2019,Stock Car Brasil 2019,Vogel Motorsport - L.Foresti #12,StockCarV8.xml
9222,Chevrolet Cruze Stock Car 2020,Stock Car Brasil 2020,AMM - G.Casagrande #83,StockCarV8_2020.xml
9222,Chevrolet Cruze Stock Car 2020,Stock Car Brasil 2020,AMM - G.Lima #9,StockCarV8_2020.xml
9222,Chevrolet Cruze Stock Car 2020,Stock Car Brasil 2020,Blau Motorsport - A.Khodair #18,StockCarV8_2020.xml
9222,Chevrolet Cruze Stock Car 2020,Stock Car Brasil 2020,Blau Motorsport - D.Nunes #70,StockCarV8_2020.xml
9222,Chevrolet Cruze Stock Car 2020,Stock Car Brasil 2020,Cavaleiro Sports - D.Navarro #5,StockCarV8_2020.xml
9222,Chevrolet Cruze Stock Car 2020,Stock Car Brasil 2020,Cavaleiro Sports - M.Gomes #80,StockCarV8_2020.xml
9222,Chevrolet Cruze Stock Car 2020,Stock Car Brasil 2020,Crown Racing - B.Monteiro #188,StockCarV8_2020.xml
9222,Chevrolet Cruze Stock Car 2020,Stock Car Brasil 2020,Crown Racing - C.Bueno #0,StockCarV8_2020.xml
9222,Chevrolet Cruze Stock Car 2020,Stock Car Brasil 2020,Crown Racing - G.Lusquinos #22,StockCarV8_2020.xml
9222,Chevrolet Cruze Stock Car 2020,Stock Car Brasil 2020,Eurofarma RC - D.Serra #29,StockCarV8_2020.xml
9222,Chevrolet Cruze Stock Car 2020,Stock Car Brasil 2020,Eurofarma RC - R.Mauricio #90,StockCarV8_2020.xml
9222,Chevrolet Cruze Stock Car 2020,Stock Car Brasil 2020,Hot Car Competicoes - T.Antoniazi #54,StockCarV8_2020.xml
9222,Chevrolet Cruze Stock Car 2020,Stock Car Brasil 2020,KTF Sports - G.Salas #85,StockCarV8_2020.xml
9222,Chevrolet Cruze Stock Car 2020,Stock Car Brasil 2020,KTF Sports - L.Foresti #12,StockCarV8_2020.xml
9222,Chevrolet Cruze Stock Car 2020,Stock Car Brasil 2020,KTF Sports - V.Baptista #120,StockCarV8_2020.xml
9222,Chevrolet Cruze Stock Car 2020,Stock Car Brasil 2020,KTF Sports - V.Genz #46,StockCarV8_2020.xml
9222,Chevrolet Cruze Stock Car 2020,Stock Car Brasil 2020,Lubrax Podium - J.Campos #4,StockCarV8_2020.xml
9222,Chevrolet Cruze Stock Car 2020,Stock Car Brasil 2020,MotorFast Racing - R.Barbosa #55,StockCarV8_2020.xml
9222,Chevrolet Cruze Stock Car 2020,Stock Car Brasil 2020,MX Piquet Sports - S.Jimenez #73,StockCarV8_2020.xml
9222,Chevrolet Cruze Stock Car 2020,Stock Car Brasil 2020,RXMM - P.Cardoso #43,StockCarV8_2020.xml
9222,Chevrolet Cruze Stock Car 2020,Stock Car Brasil 2020,Shell V-Power - A.Abreu #51,StockCarV8_2020.xml
9222,Chevrolet Cruze Stock Car 2020,Stock Car Brasil 2020,Shell V-Power - G.Di Mauro #11,StockCarV8_2020.xml
9222,Chevrolet Cruze Stock Car 2020,Stock Car Brasil 2020,Shell V-Power - G.Osman #28,StockCarV8_2020.xml
9223,Toyota Corolla Stock Car 2020,Stock Car Brasil 2020,Full Time Bassani - N.Piquet Jr #33,StockCarV8_2020.xml
9223,Toyota Corolla Stock Car 2020,Stock Car Brasil 2020,Full Time Bassani - R.Suzuki #8,StockCarV8_2020.xml
9223,Toyota Corolla Stock Car 2020,Stock Car Brasil 2020,Full Time Sports - M.Rossi #117,StockCarV8_2020.xml
9223,Toyota Corolla Stock Car 2020,Stock Car Brasil 2020,Full Time Sports - R.Barrichello #111,StockCarV8_2020.xml
9223,Toyota Corolla Stock Car 2020,Stock Car Brasil 2020,Ipiranga Racing - C.Ramos #30,StockCarV8_2020.xml
9223,Toyota Corolla Stock Car 2020,Stock Car Brasil 2020,Ipiranga Racing - T.Camilo #21,StockCarV8_2020.xml
9223,Toyota Corolla Stock Car 2020,Stock Car Brasil 2020,RCM Motorsport - B.Baptista #44,StockCarV8_2020.xml
9223,Toyota Corolla Stock Car 2020,Stock Car Brasil 2020,RCM Motorsport - R.Zonta #10,StockCarV8_2020.xml
9223,Toyota Corolla Stock Car 2020,Stock Car Brasil 2020,W2 ProGP - Z.Muggiat #38,StockCarV8_2020.xml
9224,Chevrolet Cruze Stock Car 2021,Stock Car Brasil 2021,Blau Motorsport - A.Khodair #18,StockCarV8_2021.xml
9224,Chevrolet Cruze Stock Car 2021,Stock Car Brasil 2021,Blau Motorsport - C.Hahn #16,StockCarV8_2021.xml
9224,Chevrolet Cruze Stock Car 2021,Stock Car Brasil 2021,Blau Motorsport - D.Nunes #70,StockCarV8_2021.xml
9224,Chevrolet Cruze Stock Car 2021,Stock Car Brasil 2021,Cavaleiro Sports - D.Navarro #5,StockCarV8_2021.xml
9224,Chevrolet Cruze Stock Car 2021,Stock Car Brasil 2021,Cavaleiro Sports - M.Gomes #80,StockCarV8_2021.xml
9224,Chevrolet Cruze Stock Car 2021,Stock Car Brasil 2021,Crown Racing - B.Monteiro #88,StockCarV8_2021.xml
9224,Chevrolet Cruze Stock Car 2021,Stock Car Brasil 2021,Crown Racing - C.Bueno #0,StockCarV8_2021.xml
9224,Chevrolet Cruze Stock Car 2021,Stock Car Brasil 2021,Crown Racing - G.Lusquinos #22,StockCarV8_2021.xml
9224,Chevrolet Cruze Stock Car 2021,Stock Car Brasil 2021,Eurofarma RC - D.Serra #29,StockCarV8_2021.xml
9224,Chevrolet Cruze Stock Car 2021,Stock Car Brasil 2021,Eurofarma RC - R.Mauricio #90,StockCarV8_2021.xml
9224,Chevrolet Cruze Stock Car 2021,Stock Car Brasil 2021,Hot Car New Gen - F.Lapenna #110,StockCarV8_2021.xml
9224,Chevrolet Cruze Stock Car 2021,Stock Car Brasil 2021,Hot Car New Gen - T.Antoniazi #54,StockCarV8_2021.xml
9224,Chevrolet Cruze Stock Car 2021,Stock Car Brasil 2021,KTF Sports - G.Di Mauro #11,StockCarV8_2021.xml
9224,Chevrolet Cruze Stock Car 2021,Stock Car Brasil 2021,KTF Sports - G.Salas #85,StockCarV8_2021.xml
9224,Chevrolet Cruze Stock Car 2021,Stock Car Brasil 2021,KTF Sports - L.Foresti #12,StockCarV8_2021.xml
9224,Chevrolet Cruze Stock Car 2021,Stock Car Brasil 2021,KTF Sports - P.Cardoso #43,StockCarV8_2021.xml
9224,Chevrolet Cruze Stock Car 2021,Stock Car Brasil 2021,Lubrax Podium - F.Massa #91,StockCarV8_2021.xml
9224,Chevrolet Cruze Stock Car 2021,Stock Car Brasil 2021,Lubrax Podium - J.Campos #4,StockCarV8_2021.xml
9224,Chevrolet Cruze Stock Car 2021,Stock Car Brasil 2021,Motortech - G.Robe #35,StockCarV8_2021.xml
9224,Chevrolet Cruze Stock Car 2021,Stock Car Brasil 2021,RKL Competicoes - G.Frigotto #86,StockCarV8_2021.xml
9224,Chevrolet Cruze Stock Car 2021,Stock Car Brasil 2021,Shell V-Power - A.Abreu #51,StockCarV8_2021.xml
9224,Chevrolet Cruze Stock Car 2021,Stock Car Brasil 2021,Shell V-Power - G.Osman #28,StockCarV8_2021.xml
9224,Chevrolet Cruze Stock Car 2021,Stock Car Brasil 2021,Vogel Motorsport - G.Casagrande #83,StockCarV8_2021.xml
9224,Chevrolet Cruze Stock Car 2021,Stock Car Brasil 2021,Vogel Motorsport - G.Lima #9,StockCarV8_2021.xml
9225,Toyota Corolla Stock Car 2021,Stock Car Brasil 2021,Full Time Bassani - R.Suzuki #8,StockCarV8_2021.xml
9225,Toyota Corolla Stock Car 2021,Stock Car Brasil 2021,Full Time Bassani - T.Kanaan #48,StockCarV8_2021.xml
9225,Toyota Corolla Stock Car 2021,Stock Car Brasil 2021,Full Time Sports - M.Rossi #117,StockCarV8_2021.xml
9225,Toyota Corolla Stock Car 2021,Stock Car Brasil 2021,Full Time Sports - R.Barrichello #111,StockCarV8_2021.xml
9225,Toyota Corolla Stock Car 2021,Stock Car Brasil 2021,Ipiranga Racing - C.Ramos #30,StockCarV8_2021.xml
9225,Toyota Corolla Stock Car 2021,Stock Car Brasil 2021,Ipiranga Racing - T.Camilo #21,StockCarV8_2021.xml
9225,Toyota Corolla Stock Car 2021,Stock Car Brasil 2021,MX Piquet Sports - N.Piquet Jr #33,StockCarV8_2021.xml
9225,Toyota Corolla Stock Car 2021,Stock Car Brasil 2021,MX Piquet Sports - S.Jimenez #73,StockCarV8_2021.xml
9225,Toyota Corolla Stock Car 2021,Stock Car Brasil 2021,RCM Motorsport - B.Baptista #44,StockCarV8_2021.xml
9225,Toyota Corolla Stock Car 2021,Stock Car Brasil 2021,RCM Motorsport - R.Zonta #10,StockCarV8_2021.xml
9225,Toyota Corolla Stock Car 2021,Stock Car Brasil 2021,W2 ProGP - Z.Muggiat #38,StockCarV8_2021.xml
9226,Chevrolet Cruze Stock Car 2022,Stock Car Pro Series 2022,AMM Vogel - G.Casagrande #83,StockCarV8_2022.xml
9226,Chevrolet Cruze Stock Car 2022,Stock Car Pro Series 2022,Blau Motorsport - A.Khodair #18,StockCarV8_2022.xml
9226,Chevrolet Cruze Stock Car 2022,Stock Car Pro Series 2022,Blau Motorsport - D.Nunes #70,StockCarV8_2022.xml
9226,Chevrolet Cruze Stock Car 2022,Stock Car Pro Series 2022,Cavaleiro Sports - D.Navarro #5,StockCarV8_2022.xml
9226,Chevrolet Cruze Stock Car 2022,Stock Car Pro Series 2022,Cavaleiro Sports - M.Gomes #80,StockCarV8_2022.xml
9226,Chevrolet Cruze Stock Car 2022,Stock Car Pro Series 2022,Crown Racing - C.Bueno #0,StockCarV8_2022.xml
9226,Chevrolet Cruze Stock Car 2022,Stock Car Pro Series 2022,Crown Racing - P.Cardoso #43,StockCarV8_2022.xml
9226,Chevrolet Cruze Stock Car 2022,Stock Car Pro Series 2022,Crown Racing - R.Baptista #3,StockCarV8_2022.xml
9226,Chevrolet Cruze Stock Car 2022,Stock Car Pro Series 2022,Eurofarma RC - D.Serra #29,StockCarV8_2022.xml
9226,Chevrolet Cruze Stock Car 2022,Stock Car Pro Series 2022,Eurofarma RC - R.Mauricio #90,StockCarV8_2022.xml
9226,Chevrolet Cruze Stock Car 2022,Stock Car Pro Series 2022,Hot Car Competicoes - F.Lapenna #110,StockCarV8_2022.xml
9226,Chevrolet Cruze Stock Car 2022,Stock Car Pro Series 2022,Hot Car Competicoes - T.Antoniazi #54,StockCarV8_2022.xml
9226,Chevrolet Cruze Stock Car 2022,Stock Car Pro Series 2022,KTF Sports - F.Baptista #121,StockCarV8_2022.xml
9226,Chevrolet Cruze Stock Car 2022,Stock Car Pro Series 2022,KTF Sports - G.Di Mauro #11,StockCarV8_2022.xml
9226,Chevrolet Cruze Stock Car 2022,Stock Car Pro Series 2022,KTF Sports - G.Salas #85,StockCarV8_2022.xml
9226,Chevrolet Cruze Stock Car 2022,Stock Car Pro Series 2022,KTF Sports - L.Foresti #12,StockCarV8_2022.xml
9226,Chevrolet Cruze Stock Car 2022,Stock Car Pro Series 2022,Lubrax Podium - F.Massa #19,StockCarV8_2022.xml
9226,Chevrolet Cruze Stock Car 2022,Stock Car Pro Series 2022,Lubrax Podium - J.Campos #4,StockCarV8_2022.xml
9226,Chevrolet Cruze Stock Car 2022,Stock Car Pro Series 2022,RKL Competicoes - G.Frigotto #86,StockCarV8_2022.xml
9226,Chevrolet Cruze Stock Car 2022,Stock Car Pro Series 2022,Shell V-Power - A.Abreu #51,StockCarV8_2022.xml
9226,Chevrolet Cruze Stock Car 2022,Stock Car Pro Series 2022,Shell V-Power - G.Osman #28,StockCarV8_2022.xml
9227,Toyota Corolla Stock Car 2022,Stock Car Pro Series 2022,AMM Vogel - M.Rossi #117,StockCarV8_2022.xml
9227,Toyota Corolla Stock Car 2022,Stock Car Pro Series 2022,Full Time Bassani - R.Suzuki #8,StockCarV8_2022.xml
9227,Toyota Corolla Stock Car 2022,Stock Car Pro Series 2022,Full Time Bassani - T.Kanaan #6,StockCarV8_2022.xml
9227,Toyota Corolla Stock Car 2022,Stock Car Pro Series 2022,Full Time Sports - G.Petecof #101,StockCarV8_2022.xml
9227,Toyota Corolla Stock Car 2022,Stock Car Pro Series 2022,Full Time Sports - R.Barrichello #111,StockCarV8_2022.xml
9227,Toyota Corolla Stock Car 2022,Stock Car Pro Series 2022,Ipiranga Racing - C.Ramos #30,StockCarV8_2022.xml
9227,Toyota Corolla Stock Car 2022,Stock Car Pro Series 2022,Ipiranga Racing - T.Camilo #21,StockCarV8_2022.xml
9227,Toyota Corolla Stock Car 2022,Stock Car Pro Series 2022,Motul TMG Racing - N.Piquet Jr #33,StockCarV8_2022.xml
9227,Toyota Corolla Stock Car 2022,Stock Car Pro Series 2022,RCM Motorsport - B.Baptista #44,StockCarV8_2022.xml
9227,Toyota Corolla Stock Car 2022,Stock Car Pro Series 2022,RCM Motorsport - R.Zonta #10,StockCarV8_2022.xml
9227,Toyota Corolla Stock Car 2022,Stock Car Pro Series 2022,Scuderia CJ - B.Monteiro #88,StockCarV8_2022.xml
9227,Toyota Corolla Stock Car 2022,Stock Car Pro Series 2022,Scuderia CJ - S.Jimenez #73,StockCarV8_2022.xml
9228,Chevrolet Cruze Stock Car 2023,Stock Car Pro Series 2023,AMM Vogel - G.Casagrande #83,StockCarV8_2023.xml
9228,Chevrolet Cruze Stock Car 2023,Stock Car Pro Series 2023,AMM Vogel - L.Foresti #12,StockCarV8_2023.xml
9228,Chevrolet Cruze Stock Car 2023,Stock Car Pro Series 2023,Blau Motorsport - A.Khodair #18,StockCarV8_2023.xml
9228,Chevrolet Cruze Stock Car 2023,Stock Car Pro Series 2023,Blau Motorsport - F.Fraga #74,StockCarV8_2023.xml
9228,Chevrolet Cruze Stock Car 2023,Stock Car Pro Series 2023,Cavaleiro Sports - D.Navarro #5,StockCarV8_2023.xml
9228,Chevrolet Cruze Stock Car 2023,Stock Car Pro Series 2023,Cavaleiro Sports - M.Gomes #80,StockCarV8_2023.xml
9228,Chevrolet Cruze Stock Car 2023,Stock Car Pro Series 2023,Eurofarma RC - D.Serra #29,StockCarV8_2023.xml
9228,Chevrolet Cruze Stock Car 2023,Stock Car Pro Series 2023,Eurofarma RC - R.Mauricio #90,StockCarV8_2023.xml
9228,Chevrolet Cruze Stock Car 2023,Stock Car Pro Series 2023,Hot Car Competicoes - G.Di Mauro #11,StockCarV8_2023.xml
9228,Chevrolet Cruze Stock Car 2023,Stock Car Pro Series 2023,Hot Car Competicoes - L.Kohl #95,StockCarV8_2023.xml
9228,Chevrolet Cruze Stock Car 2023,Stock Car Pro Series 2023,KTF Racing - F.Baptista #121,StockCarV8_2023.xml
9228,Chevrolet Cruze Stock Car 2023,Stock Car Pro Series 2023,KTF Racing - G.Salas #85,StockCarV8_2023.xml
9228,Chevrolet Cruze Stock Car 2023,Stock Car Pro Series 2023,KTF Sports - C.Bueno #0,StockCarV8_2023.xml
9228,Chevrolet Cruze Stock Car 2023,Stock Car Pro Series 2023,KTF Sports - R.Baptista #3,StockCarV8_2023.xml
9228,Chevrolet Cruze Stock Car 2023,Stock Car Pro Series 2023,Lubrax Podium TMG - F.Massa #19,StockCarV8_2023.xml
9228,Chevrolet Cruze Stock Car 2023,Stock Car Pro Series 2023,Lubrax Podium TMG - J.Campos #4,StockCarV8_2023.xml
9228,Chevrolet Cruze Stock Car 2023,Stock Car Pro Series 2023,POLE Motorsport - A.Abreu #51,StockCarV8_2023.xml
9228,Chevrolet Cruze Stock Car 2023,Stock Car Pro Series 2023,POLE Motorsport - R.Suzuki #8,StockCarV8_2023.xml
9229,Toyota Corolla Stock Car 2023,Stock Car Pro Series 2023,Crown Racing - E.Elias #28,StockCarV8_2023.xml
9229,Toyota Corolla Stock Car 2023,Stock Car Pro Series 2023,Crown Racing - N.Piquet Jr #33,StockCarV8_2023.xml
9229,Toyota Corolla Stock Car 2023,Stock Car Pro Series 2023,Full Time Bassani - T.Kanaan #6,StockCarV8_2023.xml
9229,Toyota Corolla Stock Car 2023,Stock Car Pro Series 2023,Full Time Sports - G.Petecof #101,StockCarV8_2023.xml
9229,Toyota Corolla Stock Car 2023,Stock Car Pro Series 2023,Full Time Sports - M.Rossi #117,StockCarV8_2023.xml
9229,Toyota Corolla Stock Car 2023,Stock Car Pro Series 2023,Ipiranga Racing - C.Ramos #30,StockCarV8_2023.xml
9229,Toyota Corolla Stock Car 2023,Stock Car Pro Series 2023,Ipiranga Racing - T.Camilo #21,StockCarV8_2023.xml
9229,Toyota Corolla Stock Car 2023,Stock Car Pro Series 2023,MOBIL ALE - E.Barrichello #91,StockCarV8_2023.xml
9229,Toyota Corolla Stock Car 2023,Stock Car Pro Series 2023,MOBIL ALE - R.Barrichello #111,StockCarV8_2023.xml
9229,Toyota Corolla Stock Car 2023,Stock Car Pro Series 2023,RCM Motorsport - B.Baptista #44,StockCarV8_2023.xml
9229,Toyota Corolla Stock Car 2023,Stock Car Pro Series 2023,RCM Motorsport - R.Zonta #10,StockCarV8_2023.xml
9229,Toyota Corolla Stock Car 2023,Stock Car Pro Series 2023,Scuderia Chiarelli - R.Teixeira #37,StockCarV8_2023.xml
9229,Toyota Corolla Stock Car 2023,Stock Car Pro Series 2023,Scuderia Chiarelli - S.Jimenez #73,StockCarV8_2023.xml
9230,Chevrolet Cruze Stock Car 2024,Stock Car Pro Series 2024,A.Mattheis Vogel - G.Casagrande #83,StockCarV8_2024.xml
9230,Chevrolet Cruze Stock Car 2024,Stock Car Pro Series 2024,A.Mattheis Vogel - L.Foresti #12,StockCarV8_2024.xml
9230,Chevrolet Cruze Stock Car 2024,Stock Car Pro Series 2024,ASR - R.Teixeira #37,StockCarV8_2024.xml
9230,Chevrolet Cruze Stock Car 2024,Stock Car Pro Series 2024,Blau Motorsport - A.Khodair #18,StockCarV8_2024.xml
9230,Chevrolet Cruze Stock Car 2024,Stock Car Pro Series 2024,Blau Motorsport - F.Fraga #88,StockCarV8_2024.xml
9230,Chevrolet Cruze Stock Car 2024,Stock Car Pro Series 2024,Cavaleiro Sports - G.Di Mauro #11,StockCarV8_2024.xml
9230,Chevrolet Cruze Stock Car 2024,Stock Car Pro Series 2024,Cavaleiro Sports - N.Piquet Jr. #33,StockCarV8_2024.xml
9230,Chevrolet Cruze Stock Car 2024,Stock Car Pro Series 2024,Eurofarma RC - D.Serra #29,StockCarV8_2024.xml
9230,Chevrolet Cruze Stock Car 2024,Stock Car Pro Series 2024,Eurofarma RC - R.Mauricio #90,StockCarV8_2024.xml
9230,Chevrolet Cruze Stock Car 2024,Stock Car Pro Series 2024,KTF Racing - C.Bueno #0,StockCarV8_2024.xml
9230,Chevrolet Cruze Stock Car 2024,Stock Car Pro Series 2024,KTF Sports - G.Salas #85,StockCarV8_2024.xml
9230,Chevrolet Cruze Stock Car 2024,Stock Car Pro Series 2024,KTF Sports - M.Gomes #80,StockCarV8_2024.xml
9230,Chevrolet Cruze Stock Car 2024,Stock Car Pro Series 2024,KTF Sports - Z.Muggiati #38,StockCarV8_2024.xml
9230,Chevrolet Cruze Stock Car 2024,Stock Car Pro Series 2024,Pole Motorsport - A.Abreu #51,StockCarV8_2024.xml
9230,Chevrolet Cruze Stock Car 2024,Stock Car Pro Series 2024,Pole Motorsport - J.Campos #4,StockCarV8_2024.xml
9230,Chevrolet Cruze Stock Car 2024,Stock Car Pro Series 2024,TMG Racing - F.Massa #19,StockCarV8_2024.xml
9230,Chevrolet Cruze Stock Car 2024,Stock Car Pro Series 2024,TMG Racing - R.Suzuki #8,StockCarV8_2024.xml
9230,Chevrolet Cruze Stock Car 2024,Stock Car Pro Series 2024,Wokin Garra Racing - G.Robe #35,StockCarV8_2024.xml
9230,Chevrolet Cruze Stock Car 2024,Stock Car Pro Series 2024,Wokin Garra Racing - L.Kohl #95,StockCarV8_2024.xml
9231,Toyota Corolla Stock Car 2024,Stock Car Pro Series 2024,Crown Racing - E.Elias #28,StockCarV8_2024.xml
9231,Toyota Corolla Stock Car 2024,Stock Car Pro Series 2024,Crown Racing - F.Baptista #121,StockCarV8_2024.xml
9231,Toyota Corolla Stock Car 2024,Stock Car Pro Series 2024,Full Time Bassani - A.Leist #81,StockCarV8_2024.xml
9231,Toyota Corolla Stock Car 2024,Stock Car Pro Series 2024,Full Time Bassani - G.Petecof #101,StockCarV8_2024.xml
9231,Toyota Corolla Stock Car 2024,Stock Car Pro Series 2024,Ipiranga Racing - C.Ramos #30,StockCarV8_2024.xml
9231,Toyota Corolla Stock Car 2024,Stock Car Pro Series 2024,Ipiranga Racing - T.Camilo #21,StockCarV8_2024.xml
9231,Toyota Corolla Stock Car 2024,Stock Car Pro Series 2024,MOBIL ALE - E.Barrichello #91,StockCarV8_2024.xml
9231,Toyota Corolla Stock Car 2024,Stock Car Pro Series 2024,MOBIL ALE - R.Barrichello #111,StockCarV8_2024.xml
9231,Toyota Corolla Stock Car 2024,Stock Car Pro Series 2024,RCM Motorsport - B.Baptista #44,StockCarV8_2024.xml
9231,Toyota Corolla Stock Car 2024,Stock Car Pro Series 2024,RCM Motorsport - R.Zonta #10,StockCarV8_2024.xml
9232,Stock USA Gen1,Stock USA Gen 1,Stock USA Gen1 #01,Stock_USA_Gen1.xml
9232,Stock USA Gen1,Stock USA Gen 1,Stock USA Gen1 #10,Stock_USA_Gen1.xml
9232,Stock USA Gen1,Stock USA Gen 1,Stock USA Gen1 #12,Stock_USA_Gen1.xml
9232,Stock USA Gen1,Stock USA Gen 1,Stock USA Gen1 #14,Stock_USA_Gen1.xml
9232,Stock USA Gen1,Stock USA Gen 1,Stock USA Gen1 #15,Stock_USA_Gen1.xml
9232,Stock USA Gen1,Stock USA Gen 1,Stock USA Gen1 #16,Stock_USA_Gen1.xml
9232,Stock USA Gen1,Stock USA Gen 1,Stock USA Gen1 #18,Stock_USA_Gen1.xml
9232,Stock USA Gen1,Stock USA Gen 1,Stock USA Gen1 #21,Stock_USA_Gen1.xml
9232,Stock USA Gen1,Stock USA Gen 1,Stock USA Gen1 #22,Stock_USA_Gen1.xml
9232,Stock USA Gen1,Stock USA Gen 1,Stock USA Gen1 #25,Stock_USA_Gen1.xml
9232,Stock USA Gen1,Stock USA Gen 1,Stock USA Gen1 #27,Stock_USA_Gen1.xml
9232,Stock USA Gen1,Stock USA Gen 1,Stock USA Gen1 #3,Stock_USA_Gen1.xml
9232,Stock USA Gen1,Stock USA Gen 1,Stock USA Gen1 #32,Stock_USA_Gen1.xml
9232,Stock USA Gen1,Stock USA Gen 1,Stock USA Gen1 #34,Stock_USA_Gen1.xml
9232,Stock USA Gen1,Stock USA Gen 1,Stock USA Gen1 #38,Stock_USA_Gen1.xml
9232,Stock USA Gen1,Stock USA Gen 1,Stock USA Gen1 #4,Stock_USA_Gen1.xml
9232,Stock USA Gen1,Stock USA Gen 1,Stock USA Gen1 #43,Stock_USA_Gen1.xml
9232,Stock USA Gen1,Stock USA Gen 1,Stock USA Gen1 #44,Stock_USA_Gen1.xml
9232,Stock USA Gen1,Stock USA Gen 1,Stock USA Gen1 #47,Stock_USA_Gen1.xml
9232,Stock USA Gen1,Stock USA Gen 1,Stock USA Gen1 #48,Stock_USA_Gen1.xml
9232,Stock USA Gen1,Stock USA Gen 1,Stock USA Gen1 #49,Stock_USA_Gen1.xml
9232,Stock USA Gen1,Stock USA Gen 1,Stock USA Gen1 #5,Stock_USA_Gen1.xml
9232,Stock USA Gen1,Stock USA Gen 1,Stock USA Gen1 #55,Stock_USA_Gen1.xml
9232,Stock USA Gen1,Stock USA Gen 1,Stock USA Gen1 #59,Stock_USA_Gen1.xml
9232,Stock USA Gen1,Stock USA Gen 1,Stock USA Gen1 #61,Stock_USA_Gen1.xml
9232,Stock USA Gen1,Stock USA Gen 1,Stock USA Gen1 #66,Stock_USA_Gen1.xml
9232,Stock USA Gen1,Stock USA Gen 1,Stock USA Gen1 #7,Stock_USA_Gen1.xml
9232,Stock USA Gen1,Stock USA Gen 1,Stock USA Gen1 #71,Stock_USA_Gen1.xml
9232,Stock USA Gen1,Stock USA Gen 1,Stock USA Gen1 #75,Stock_USA_Gen1.xml
9232,Stock USA Gen1,Stock USA Gen 1,Stock USA Gen1 #79,Stock_USA_Gen1.xml
9232,Stock USA Gen1,Stock USA Gen 1,Stock USA Gen1 #8,Stock_USA_Gen1.xml
9232,Stock USA Gen1,Stock USA Gen 1,Stock USA Gen1 #82,Stock_USA_Gen1.xml
9232,Stock USA Gen1,Stock USA Gen 1,Stock USA Gen1 #84,Stock_USA_Gen1.xml
9232,Stock USA Gen1,Stock USA Gen 1,Stock USA Gen1 #85,Stock_USA_Gen1.xml
9232,Stock USA Gen1,Stock USA Gen 1,Stock USA Gen1 #86,Stock_USA_Gen1.xml
9232,Stock USA Gen1,Stock USA Gen 1,Stock USA Gen1 #88,Stock_USA_Gen1.xml
9232,Stock USA Gen1,Stock USA Gen 1,Stock USA Gen1 #89,Stock_USA_Gen1.xml
9232,Stock USA Gen1,Stock USA Gen 1,Stock USA Gen1 #9,Stock_USA_Gen1.xml
9232,Stock USA Gen1,Stock USA Gen 1,Stock USA Gen1 #90,Stock_USA_Gen1.xml
9232,Stock USA Gen1,Stock USA Gen 1,Stock USA Gen1 #99,Stock_USA_Gen1.xml
9233,Stock USA Gen2,Stock USA Gen 2,Stock USA Gen2 #01,Stock_USA_Gen2.xml
9233,Stock USA Gen2,Stock USA Gen 2,Stock USA Gen2 #04,Stock_USA_Gen2.xml
9233,Stock USA Gen2,Stock USA Gen 2,Stock USA Gen2 #11,Stock_USA_Gen2.xml
9233,Stock USA Gen2,Stock USA Gen 2,Stock USA Gen2 #13,Stock_USA_Gen2.xml
9233,Stock USA Gen2,Stock USA Gen 2,Stock USA Gen2 #14,Stock_USA_Gen2.xml
9233,Stock USA Gen2,Stock USA Gen 2,Stock USA Gen2 #15,Stock_USA_Gen2.xml
9233,Stock USA Gen2,Stock USA Gen 2,Stock USA Gen2 #16,Stock_USA_Gen2.xml
9233,Stock USA Gen2,Stock USA Gen 2,Stock USA Gen2 #17,Stock_USA_Gen2.xml
9233,Stock USA Gen2,Stock USA Gen 2,Stock USA Gen2 #2,Stock_USA_Gen2.xml
9233,Stock USA Gen2,Stock USA Gen 2,Stock USA Gen2 #22,Stock_USA_Gen2.xml
9233,Stock USA Gen2,Stock USA Gen 2,Stock USA Gen2 #25,Stock_USA_Gen2.xml
9233,Stock USA Gen2,Stock USA Gen 2,Stock USA Gen2 #29,Stock_USA_Gen2.xml
9233,Stock USA Gen2,Stock USA Gen 2,Stock USA Gen2 #3,Stock_USA_Gen2.xml
9233,Stock USA Gen2,Stock USA Gen 2,Stock USA Gen2 #32,Stock_USA_Gen2.xml
9233,Stock USA Gen2,Stock USA Gen 2,Stock USA Gen2 #33,Stock_USA_Gen2.xml
9233,Stock USA Gen2,Stock USA Gen 2,Stock USA Gen2 #34,Stock_USA_Gen2.xml
9233,Stock USA Gen2,Stock USA Gen 2,Stock USA Gen2 #35,Stock_USA_Gen2.xml
9233,Stock USA Gen2,Stock USA Gen 2,Stock USA Gen2 #42,Stock_USA_Gen2.xml
9233,Stock USA Gen2,Stock USA Gen 2,Stock USA Gen2 #43,Stock_USA_Gen2.xml
9233,Stock USA Gen2,Stock USA Gen 2,Stock USA Gen2 #45,Stock_USA_Gen2.xml
9233,Stock USA Gen2,Stock USA Gen 2,Stock USA Gen2 #5,Stock_USA_Gen2.xml
9233,Stock USA Gen2,Stock USA Gen 2,Stock USA Gen2 #52,Stock_USA_Gen2.xml
9233,Stock USA Gen2,Stock USA Gen 2,Stock USA Gen2 #54,Stock_USA_Gen2.xml
9233,Stock USA Gen2,Stock USA Gen 2,Stock USA Gen2 #58,Stock_USA_Gen2.xml
9233,Stock USA Gen2,Stock USA Gen 2,Stock USA Gen2 #59,Stock_USA_Gen2.xml
9233,Stock USA Gen2,Stock USA Gen 2,Stock USA Gen2 #66,Stock_USA_Gen2.xml
9233,Stock USA Gen2,Stock USA Gen 2,Stock USA Gen2 #71,Stock_USA_Gen2.xml
9233,Stock USA Gen2,Stock USA Gen 2,Stock USA Gen2 #76,Stock_USA_Gen2.xml
9233,Stock USA Gen2,Stock USA Gen 2,Stock USA Gen2 #77,Stock_USA_Gen2.xml
9233,Stock USA Gen2,Stock USA Gen 2,Stock USA Gen2 #78,Stock_USA_Gen2.xml
9233,Stock USA Gen2,Stock USA Gen 2,Stock USA Gen2 #8,Stock_USA_Gen2.xml
9233,Stock USA Gen2,Stock USA Gen 2,Stock USA Gen2 #81,Stock_USA_Gen2.xml
9233,Stock USA Gen2,Stock USA Gen 2,Stock USA Gen2 #82,Stock_USA_Gen2.xml
9233,Stock USA Gen2,Stock USA Gen 2,Stock USA Gen2 #85,Stock_USA_Gen2.xml
9233,Stock USA Gen2,Stock USA Gen 2,Stock USA Gen2 #88,Stock_USA_Gen2.xml
9233,Stock USA Gen2,Stock USA Gen 2,Stock USA Gen2 #9,Stock_USA_Gen2.xml
9233,Stock USA Gen2,Stock USA Gen 2,Stock USA Gen2 #90,Stock_USA_Gen2.xml
9233,Stock USA Gen2,Stock USA Gen 2,Stock USA Gen2 #96,Stock_USA_Gen2.xml
9233,Stock USA Gen2,Stock USA Gen 2,Stock USA Gen2 #97,Stock_USA_Gen2.xml
9233,Stock USA Gen2,Stock USA Gen 2,Stock USA Gen2 #98,Stock_USA_Gen2.xml
9234,Stock USA Gen3,Stock USA Gen 3,Stock USA Gen3 #00,Stock_USA_Gen3.xml
9234,Stock USA Gen3,Stock USA Gen 3,Stock USA Gen3 #02,Stock_USA_Gen3.xml
9234,Stock USA Gen3,Stock USA Gen 3,Stock USA Gen3 #10,Stock_USA_Gen3.xml
9234,Stock USA Gen3,Stock USA Gen 3,Stock USA Gen3 #12,Stock_USA_Gen3.xml
9234,Stock USA Gen3,Stock USA Gen 3,Stock USA Gen3 #13,Stock_USA_Gen3.xml
9234,Stock USA Gen3,Stock USA Gen 3,Stock USA Gen3 #15,Stock_USA_Gen3.xml
9234,Stock USA Gen3,Stock USA Gen 3,Stock USA Gen3 #22,Stock_USA_Gen3.xml
9234,Stock USA Gen3,Stock USA Gen 3,Stock USA Gen3 #26,Stock_USA_Gen3.xml
9234,Stock USA Gen3,Stock USA Gen 3,Stock USA Gen3 #30,Stock_USA_Gen3.xml
9234,Stock USA Gen3,Stock USA Gen 3,Stock USA Gen3 #32,Stock_USA_Gen3.xml
9234,Stock USA Gen3,Stock USA Gen 3,Stock USA Gen3 #33,Stock_USA_Gen3.xml
9234,Stock USA Gen3,Stock USA Gen 3,Stock USA Gen3 #35,Stock_USA_Gen3.xml
9234,Stock USA Gen3,Stock USA Gen 3,Stock USA Gen3 #4,Stock_USA_Gen3.xml
9234,Stock USA Gen3,Stock USA Gen 3,Stock USA Gen3 #44,Stock_USA_Gen3.xml
9234,Stock USA Gen3,Stock USA Gen 3,Stock USA Gen3 #46,Stock_USA_Gen3.xml
9234,Stock USA Gen3,Stock USA Gen 3,Stock USA Gen3 #5,Stock_USA_Gen3.xml
9234,Stock USA Gen3,Stock USA Gen 3,Stock USA Gen3 #51,Stock_USA_Gen3.xml
9234,Stock USA Gen3,Stock USA Gen 3,Stock USA Gen3 #53,Stock_USA_Gen3.xml
9234,Stock USA Gen3,Stock USA Gen 3,Stock USA Gen3 #55,Stock_USA_Gen3.xml
9234,Stock USA Gen3,Stock USA Gen 3,Stock USA Gen3 #58,Stock_USA_Gen3.xml
9234,Stock USA Gen3,Stock USA Gen 3,Stock USA Gen3 #6,Stock_USA_Gen3.xml
9234,Stock USA Gen3,Stock USA Gen 3,Stock USA Gen3 #60,Stock_USA_Gen3.xml
9234,Stock USA Gen3,Stock USA Gen 3,Stock USA Gen3 #62,Stock_USA_Gen3.xml
9234,Stock USA Gen3,Stock USA Gen 3,Stock USA Gen3 #66,Stock_USA_Gen3.xml
9234,Stock USA Gen3,Stock USA Gen 3,Stock USA Gen3 #69,Stock_USA_Gen3.xml
9234,Stock USA Gen3,Stock USA Gen 3,Stock USA Gen3 #70,Stock_USA_Gen3.xml
9234,Stock USA Gen3,Stock USA Gen 3,Stock USA Gen3 #72,Stock_USA_Gen3.xml
9234,Stock USA Gen3,Stock USA Gen 3,Stock USA Gen3 #73,Stock_USA_Gen3.xml
9234,Stock USA Gen3,Stock USA Gen 3,Stock USA Gen3 #74,Stock_USA_Gen3.xml
9234,Stock USA Gen3,Stock USA Gen 3,Stock USA Gen3 #75,Stock_USA_Gen3.xml
9234,Stock USA Gen3,Stock USA Gen 3,Stock USA Gen3 #78,Stock_USA_Gen3.xml
9234,Stock USA Gen3,Stock USA Gen 3,Stock USA Gen3 #8,Stock_USA_Gen3.xml
9234,Stock USA Gen3,Stock USA Gen 3,Stock USA Gen3 #80,Stock_USA_Gen3.xml
9234,Stock USA Gen3,Stock USA Gen 3,Stock USA Gen3 #82,Stock_USA_Gen3.xml
9234,Stock USA Gen3,Stock USA Gen 3,Stock USA Gen3 #85,Stock_USA_Gen3.xml
9234,Stock USA Gen3,Stock USA Gen 3,Stock USA Gen3 #88,Stock_USA_Gen3.xml
9234,Stock USA Gen3,Stock USA Gen 3,Stock USA Gen3 #92,Stock_USA_Gen3.xml
9234,Stock USA Gen3,Stock USA Gen 3,Stock USA Gen3 #95,Stock_USA_Gen3.xml
9234,Stock USA Gen3,Stock USA Gen 3,Stock USA Gen3 #96,Stock_USA_Gen3.xml
9234,Stock USA Gen3,Stock USA Gen 3,Stock USA Gen3 #99,Stock_USA_Gen3.xml
9235,Stock USA Gen3 LM,Stock USA Gen 3 LM,Stock USA Gen3 LM #24,Stock_USA_Gen3_LM.xml
9235,Stock USA Gen3 LM,Stock USA Gen 3 LM,Stock USA Gen3 LM #42,Stock_USA_Gen3_LM.xml
9236,Chevrolet Camaro SS,Street Cars,Chevrolet Camaro SS #01,Street.xml
9236,Chevrolet Camaro SS,Street Cars,Chevrolet Camaro SS #02,Street.xml
9236,Chevrolet Camaro SS,Street Cars,Chevrolet Camaro SS #03,Street.xml
9236,Chevrolet Camaro SS,Street Cars,Chevrolet Camaro SS #04,Street.xml
9236,Chevrolet Camaro SS,Street Cars,Chevrolet Camaro SS #05,Street.xml
9236,Chevrolet Camaro SS,Street Cars,Chevrolet Camaro SS #06,Street.xml
9236,Chevrolet Camaro SS,Street Cars,Chevrolet Camaro SS #07,Street.xml
9236,Chevrolet Camaro SS,Street Cars,Chevrolet Camaro SS #08,Street.xml
9236,Chevrolet Camaro SS,Street Cars,Chevrolet Camaro SS #09,Street.xml
9236,Chevrolet Camaro SS,Street Cars,Chevrolet Camaro SS #10,Street.xml
9236,Chevrolet Camaro SS,Street Cars,Chevrolet Camaro SS #11,Street.xml
9236,Chevrolet Camaro SS,Street Cars,Chevrolet Camaro SS #12,Street.xml
9236,Chevrolet Camaro SS,Street Cars,Chevrolet Camaro SS #13,Street.xml
9236,Chevrolet Camaro SS,Street Cars,Chevrolet Camaro SS #14,Street.xml
9236,Chevrolet Camaro SS,Street Cars,Chevrolet Camaro SS #15,Street.xml
9236,Chevrolet Camaro SS,Street Cars,Chevrolet Camaro SS #16,Street.xml
9236,Chevrolet Camaro SS,Street Cars,Chevrolet Camaro SS #17,Street.xml
9236,Chevrolet Camaro SS,Street Cars,Chevrolet Camaro SS #18,Street.xml
9236,Chevrolet Camaro SS,Street Cars,Chevrolet Camaro SS #19,Street.xml
9236,Chevrolet Camaro SS,Street Cars,Chevrolet Camaro SS #20,Street.xml
9237,Lamborghini Huracan Super Trofeo EVO2,Super Trofeo,Lamborghini Huracan Super Trofeo EVO2 #1,Super Trofeo.xml
9237,Lamborghini Huracan Super Trofeo EVO2,Super Trofeo,Lamborghini Huracan Super Trofeo EVO2 #10,Super Trofeo.xml
9237,Lamborghini Huracan Super Trofeo EVO2,Super Trofeo,Lamborghini Huracan Super Trofeo EVO2 #15,Super Trofeo.xml
9237,Lamborghini Huracan Super Trofeo EVO2,Super Trofeo,Lamborghini Huracan Super Trofeo EVO2 #22,Super Trofeo.xml
9237,Lamborghini Huracan Super Trofeo EVO2,Super Trofeo,Lamborghini Huracan Super Trofeo EVO2 #25,Super Trofeo.xml
9237,Lamborghini Huracan Super Trofeo EVO2,Super Trofeo,Lamborghini Huracan Super Trofeo EVO2 #27,Super Trofeo.xml
9237,Lamborghini Huracan Super Trofeo EVO2,Super Trofeo,Lamborghini Huracan Super Trofeo EVO2 #28,Super Trofeo.xml
9237,Lamborghini Huracan Super Trofeo EVO2,Super Trofeo,Lamborghini Huracan Super Trofeo EVO2 #30,Super Trofeo.xml
9237,Lamborghini Huracan Super Trofeo EVO2,Super Trofeo,Lamborghini Huracan Super Trofeo EVO2 #4,Super Trofeo.xml
9237,Lamborghini Huracan Super Trofeo EVO2,Super Trofeo,Lamborghini Huracan Super Trofeo EVO2 #42,Super Trofeo.xml
9237,Lamborghini Huracan Super Trofeo EVO2,Super Trofeo,Lamborghini Huracan Super Trofeo EVO2 #44,Super Trofeo.xml
9237,Lamborghini Huracan Super Trofeo EVO2,Super Trofeo,Lamborghini Huracan Super Trofeo EVO2 #47,Super Trofeo.xml
9237,Lamborghini Huracan Super Trofeo EVO2,Super Trofeo,Lamborghini Huracan Super Trofeo EVO2 #48,Super Trofeo.xml
9237,Lamborghini Huracan Super Trofeo EVO2,Super Trofeo,Lamborghini Huracan Super Trofeo EVO2 #50,Super Trofeo.xml
9237,Lamborghini Huracan Super Trofeo EVO2,Super Trofeo,Lamborghini Huracan Super Trofeo EVO2 #55,Super Trofeo.xml
9237,Lamborghini Huracan Super Trofeo EVO2,Super Trofeo,Lamborghini Huracan Super Trofeo EVO2 #64,Super Trofeo.xml
9237,Lamborghini Huracan Super Trofeo EVO2,Super Trofeo,Lamborghini Huracan Super Trofeo EVO2 #65,Super Trofeo.xml
9237,Lamborghini Huracan Super Trofeo EVO2,Super Trofeo,Lamborghini Huracan Super Trofeo EVO2 #66,Super Trofeo.xml
9237,Lamborghini Huracan Super Trofeo EVO2,Super Trofeo,Lamborghini Huracan Super Trofeo EVO2 #7,Super Trofeo.xml
9237,Lamborghini Huracan Super Trofeo EVO2,Super Trofeo,Lamborghini Huracan Super Trofeo EVO2 #72,Super Trofeo.xml
9237,Lamborghini Huracan Super Trofeo EVO2,Super Trofeo,Lamborghini Huracan Super Trofeo EVO2 #77,Super Trofeo.xml
9237,Lamborghini Huracan Super Trofeo EVO2,Super Trofeo,Lamborghini Huracan Super Trofeo EVO2 #8,Super Trofeo.xml
9237,Lamborghini Huracan Super Trofeo EVO2,Super Trofeo,Lamborghini Huracan Super Trofeo EVO2 #86,Super Trofeo.xml
9237,Lamborghini Huracan Super Trofeo EVO2,Super Trofeo,Lamborghini Huracan Super Trofeo EVO2 #88,Super Trofeo.xml
9238,Lamborghini Diablo SV-R Super Trofeo,Diablo Super Trofeo,Lamborghini Diablo SV-R #01,ST96.xml
9238,Lamborghini Diablo SV-R Super Trofeo,Diablo Super Trofeo,Lamborghini Diablo SV-R #02,ST96.xml
9238,Lamborghini Diablo SV-R Super Trofeo,Diablo Super Trofeo,Lamborghini Diablo SV-R #03,ST96.xml
9238,Lamborghini Diablo SV-R Super Trofeo,Diablo Super Trofeo,Lamborghini Diablo SV-R #04,ST96.xml
9238,Lamborghini Diablo SV-R Super Trofeo,Diablo Super Trofeo,Lamborghini Diablo SV-R #05,ST96.xml
9238,Lamborghini Diablo SV-R Super Trofeo,Diablo Super Trofeo,Lamborghini Diablo SV-R #06,ST96.xml
9238,Lamborghini Diablo SV-R Super Trofeo,Diablo Super Trofeo,Lamborghini Diablo SV-R #07,ST96.xml
9238,Lamborghini Diablo SV-R Super Trofeo,Diablo Super Trofeo,Lamborghini Diablo SV-R #08,ST96.xml
9238,Lamborghini Diablo SV-R Super Trofeo,Diablo Super Trofeo,Lamborghini Diablo SV-R #09,ST96.xml
9238,Lamborghini Diablo SV-R Super Trofeo,Diablo Super Trofeo,Lamborghini Diablo SV-R #10,ST96.xml
9238,Lamborghini Diablo SV-R Super Trofeo,Diablo Super Trofeo,Lamborghini Diablo SV-R #11,ST96.xml
9238,Lamborghini Diablo SV-R Super Trofeo,Diablo Super Trofeo,Lamborghini Diablo SV-R #12,ST96.xml
9238,Lamborghini Diablo SV-R Super Trofeo,Diablo Super Trofeo,Lamborghini Diablo SV-R #13,ST96.xml
9238,Lamborghini Diablo SV-R Super Trofeo,Diablo Super Trofeo,Lamborghini Diablo SV-R #14,ST96.xml
9238,Lamborghini Diablo SV-R Super Trofeo,Diablo Super Trofeo,Lamborghini Diablo SV-R #15,ST96.xml
9238,Lamborghini Diablo SV-R Super Trofeo,Diablo Super Trofeo,Lamborghini Diablo SV-R #16,ST96.xml
9238,Lamborghini Diablo SV-R Super Trofeo,Diablo Super Trofeo,Lamborghini Diablo SV-R #17,ST96.xml
9238,Lamborghini Diablo SV-R Super Trofeo,Diablo Super Trofeo,Lamborghini Diablo SV-R #18,ST96.xml
9238,Lamborghini Diablo SV-R Super Trofeo,Diablo Super Trofeo,Lamborghini Diablo SV-R #19,ST96.xml
9238,Lamborghini Diablo SV-R Super Trofeo,Diablo Super Trofeo,Lamborghini Diablo SV-R #20,ST96.xml
9238,Lamborghini Diablo SV-R Super Trofeo,Diablo Super Trofeo,Lamborghini Diablo SV-R #21,ST96.xml
9238,Lamborghini Diablo SV-R Super Trofeo,Diablo Super Trofeo,Lamborghini Diablo SV-R #22,ST96.xml
9238,Lamborghini Diablo SV-R Super Trofeo,Diablo Super Trofeo,Lamborghini Diablo SV-R #23,ST96.xml
9238,Lamborghini Diablo SV-R Super Trofeo,Diablo Super Trofeo,Lamborghini Diablo SV-R #24,ST96.xml
9238,Lamborghini Diablo SV-R Super Trofeo,Diablo Super Trofeo,Lamborghini Diablo SV-R #25,ST96.xml
9238,Lamborghini Diablo SV-R Super Trofeo,Diablo Super Trofeo,Lamborghini Diablo SV-R #26,ST96.xml
9239,Audi R8 V10 GT,Supercars,Ara Blue,Supercars.xml
9239,Audi R8 V10 GT,Supercars,Daytona Grey Metallic,Supercars.xml
9239,Audi R8 V10 GT,Supercars,Goodwood Green,Supercars.xml
9239,Audi R8 V10 GT,Supercars,Mythos Black Metallic,Supercars.xml
9239,Audi R8 V10 GT,Supercars,Suzuka Grey Matte,Supercars.xml
9239,Audi R8 V10 GT,Supercars,Tango Red Metallic,Supercars.xml
9239,Audi R8 V10 GT,Supercars,Vegas Yellow Matte,Supercars.xml
9239,Audi R8 V10 GT,Supercars,Viper Green,Supercars.xml
9240,Chevrolet Corvette C8 Z06,Supercars,Accelerate Yellow Metallic,Supercars.xml
9240,Chevrolet Corvette C8 Z06,Supercars,Arctic White,Supercars.xml
9240,Chevrolet Corvette C8 Z06,Supercars,Black,Supercars.xml
9240,Chevrolet Corvette C8 Z06,Supercars,Cacti Green,Supercars.xml
9240,Chevrolet Corvette C8 Z06,Supercars,Carbon Flash Metallic,Supercars.xml
9240,Chevrolet Corvette C8 Z06,Supercars,Competition Yellow Tintcoat Metallic,Supercars.xml
9240,Chevrolet Corvette C8 Z06,Supercars,Hypersonic Gray Metallic,Supercars.xml
9240,Chevrolet Corvette C8 Z06,Supercars,Hysteria Purple Metallic,Supercars.xml
9240,Chevrolet Corvette C8 Z06,Supercars,Rapid Blue,Supercars.xml
9240,Chevrolet Corvette C8 Z06,Supercars,Red Mist Metallic Tintcoat,Supercars.xml
9240,Chevrolet Corvette C8 Z06,Supercars,Riptide Blue Metallic,Supercars.xml
9240,Chevrolet Corvette C8 Z06,Supercars,Sea Wolf Gray Tricoat,Supercars.xml
9240,Chevrolet Corvette C8 Z06,Supercars,Sebring Orange Tintcoat,Supercars.xml
9240,Chevrolet Corvette C8 Z06,Supercars,Torch Red,Supercars.xml
9241,Dodge Viper ACR,Supercars,Adrenaline Red,Supercars.xml
9241,Dodge Viper ACR,Supercars,Billet Silver Metallic,Supercars.xml
9241,Dodge Viper ACR,Supercars,Competition Blue,Supercars.xml
9241,Dodge Viper ACR,Supercars,GTS Blue,Supercars.xml
9241,Dodge Viper ACR,Supercars,GTS-R Blue Pearl,Supercars.xml
9241,Dodge Viper ACR,Supercars,Gunmetal Pearl,Supercars.xml
9241,Dodge Viper ACR,Supercars,Stryker Green,Supercars.xml
9241,Dodge Viper ACR,Supercars,Stryker Orange,Supercars.xml
9241,Dodge Viper ACR,Supercars,Stryker Purple,Supercars.xml
9241,Dodge Viper ACR,Supercars,Venom Black,Supercars.xml
9241,Dodge Viper ACR,Supercars,Viper White,Supercars.xml
9241,Dodge Viper ACR,Supercars,Y'Orange,Supercars.xml
9242,Maserati GT2 Stradale,Supercars,Azzurro Astro,Supercars.xml
9242,Maserati GT2 Stradale,Supercars,Bianco Audace,Supercars.xml
9242,Maserati GT2 Stradale,Supercars,Blu Corse,Supercars.xml
9242,Maserati GT2 Stradale,Supercars,Blu Infinito,Supercars.xml
9242,Maserati GT2 Stradale,Supercars,Digital Aurora,Supercars.xml
9242,Maserati GT2 Stradale,Supercars,Digital Mint,Supercars.xml
9242,Maserati GT2 Stradale,Supercars,Giallo Genio,Supercars.xml
9242,Maserati GT2 Stradale,Supercars,Grigio Lamiera,Supercars.xml
9242,Maserati GT2 Stradale,Supercars,Military Teal,Supercars.xml
9242,Maserati GT2 Stradale,Supercars,Nero Cometa,Supercars.xml
9242,Maserati GT2 Stradale,Supercars,Nero Essenza,Supercars.xml
9242,Maserati GT2 Stradale,Supercars,Power Nude Texturized,Supercars.xml
9243,McLaren F1 LM,Supercars,McLaren F1 LM #01,Supercars.xml
9243,McLaren F1 LM,Supercars,McLaren F1 LM #02,Supercars.xml
9243,McLaren F1 LM,Supercars,McLaren F1 LM #03,Supercars.xml
9243,McLaren F1 LM,Supercars,McLaren F1 LM #04,Supercars.xml
9243,McLaren F1 LM,Supercars,McLaren F1 LM #05,Supercars.xml
9243,McLaren F1 LM,Supercars,McLaren F1 LM #06,Supercars.xml
9243,McLaren F1 LM,Supercars,McLaren F1 LM #07,Supercars.xml
9243,McLaren F1 LM,Supercars,McLaren F1 LM #08,Supercars.xml
9244,Ultima GTR (640),Supercars,Ultima GTR #1,Supercars.xml
9244,Ultima GTR (640),Supercars,Ultima GTR #10,Supercars.xml
9244,Ultima GTR (640),Supercars,Ultima GTR #11,Supercars.xml
9244,Ultima GTR (640),Supercars,Ultima GTR #12,Supercars.xml
9244,Ultima GTR (640),Supercars,Ultima GTR #2,Supercars.xml
9244,Ultima GTR (640),Supercars,Ultima GTR #3,Supercars.xml
9244,Ultima GTR (640),Supercars,Ultima GTR #4,Supercars.xml
9244,Ultima GTR (640),Supercars,Ultima GTR #5,Supercars.xml
9244,Ultima GTR (640),Supercars,Ultima GTR #6,Supercars.xml
9244,Ultima GTR (640),Supercars,Ultima GTR #7,Supercars.xml
9244,Ultima GTR (640),Supercars,Ultima GTR #8,Supercars.xml
9244,Ultima GTR (640),Supercars,Ultima GTR #9,Supercars.xml
9245,Super Kart 250cc,Super Kart,Superkart 250cc #13,SuperKart.xml
9245,Super Kart 250cc,Super Kart,Superkart 250cc #14,SuperKart.xml
9245,Super Kart 250cc,Super Kart,Superkart 250cc #17,SuperKart.xml
9245,Super Kart 250cc,Super Kart,Superkart 250cc #2,SuperKart.xml
9245,Super Kart 250cc,Super Kart,Superkart 250cc #23,SuperKart.xml
9245,Super Kart 250cc,Super Kart,Superkart 250cc #29,SuperKart.xml
9245,Super Kart 250cc,Super Kart,Superkart 250cc #4,SuperKart.xml
9245,Super Kart 250cc,Super Kart,Superkart 250cc #43,SuperKart.xml
9245,Super Kart 250cc,Super Kart,Superkart 250cc #5,SuperKart.xml
9245,Super Kart 250cc,Super Kart,Superkart 250cc #55,SuperKart.xml
9245,Super Kart 250cc,Super Kart,Superkart 250cc #6,SuperKart.xml
9245,Super Kart 250cc,Super Kart,Superkart 250cc #79,SuperKart.xml
9245,Super Kart 250cc,Super Kart,Superkart 250cc #80,SuperKart.xml
9245,Super Kart 250cc,Super Kart,Superkart 250cc #83,SuperKart.xml
9245,Super Kart 250cc,Super Kart,Superkart 250cc #94,SuperKart.xml
9245,Super Kart 250cc,Super Kart,Superkart 250cc #95,SuperKart.xml
9245,Super Kart 250cc,Super Kart,Superkart 250cc #96,SuperKart.xml
9245,Super Kart 250cc,Super Kart,Superkart 250cc #97,SuperKart.xml
9245,Super Kart 250cc,Super Kart,Superkart 250cc #98,SuperKart.xml
9245,Super Kart 250cc,Super Kart,Superkart 250cc #99,SuperKart.xml
9246,Super Trophy Truck,Super Trophy Trucks,Super Throphy Trucks #10,STT.xml
9246,Super Trophy Truck,Super Trophy Trucks,Super Throphy Trucks #11,STT.xml
9246,Super Trophy Truck,Super Trophy Trucks,Super Throphy Trucks #17,STT.xml
9246,Super Trophy Truck,Super Trophy Trucks,Super Throphy Trucks #30,STT.xml
9246,Super Trophy Truck,Super Trophy Trucks,Super Throphy Trucks #4,STT.xml
9246,Super Trophy Truck,Super Trophy Trucks,Super Throphy Trucks #46,STT.xml
9246,Super Trophy Truck,Super Trophy Trucks,Super Throphy Trucks #5,STT.xml
9246,Super Trophy Truck,Super Trophy Trucks,Super Throphy Trucks #50,STT.xml
9246,Super Trophy Truck,Super Trophy Trucks,Super Throphy Trucks #6,STT.xml
9246,Super Trophy Truck,Super Trophy Trucks,Super Throphy Trucks #60,STT.xml
9246,Super Trophy Truck,Super Trophy Trucks,Super Throphy Trucks #7,STT.xml
9246,Super Trophy Truck,Super Trophy Trucks,Super Throphy Trucks #72,STT.xml
9246,Super Trophy Truck,Super Trophy Trucks,Super Throphy Trucks #8,STT.xml
9246,Super Trophy Truck,Super Trophy Trucks,Super Throphy Trucks #85,STT.xml
9246,Super Trophy Truck,Super Trophy Trucks,Super Throphy Trucks #9,STT.xml
9246,Super Trophy Truck,Super Trophy Trucks,Super Throphy Trucks #92,STT.xml
9246,Super Trophy Truck,Super Trophy Trucks,Super Throphy Trucks #96,STT.xml
9246,Super Trophy Truck,Super Trophy Trucks,Super Throphy Trucks #97,STT.xml
9246,Super Trophy Truck,Super Trophy Trucks,Super Throphy Trucks #98,STT.xml
9246,Super Trophy Truck,Super Trophy Trucks,Super Throphy Trucks #99,STT.xml
9247,Super V8 (Gen2 ZB),Super V8,Apex Motorsports #25,SuperV8.xml
9247,Super V8 (Gen2 ZB),Super V8,Apex Motorsports #26,SuperV8.xml
9247,Super V8 (Gen2 ZB),Super V8,Bebeto Tyres #36,SuperV8.xml
9247,Super V8 (Gen2 ZB),Super V8,Bebeto Tyres #37,SuperV8.xml
9247,Super V8 (Gen2 ZB),Super V8,Brookfield Motorsports #27,SuperV8.xml
9247,Super V8 (Gen2 ZB),Super V8,Brookfield Motorsports #28,SuperV8.xml
9247,Super V8 (Gen2 ZB),Super V8,Eagle Ray Motorsport #46,SuperV8.xml
9247,Super V8 (Gen2 ZB),Super V8,Eagle Ray Motorsport #47,SuperV8.xml
9247,Super V8 (Gen2 ZB),Super V8,Edge Motorsports #21,SuperV8.xml
9247,Super V8 (Gen2 ZB),Super V8,Edge Motorsports #22,SuperV8.xml
9247,Super V8 (Gen2 ZB),Super V8,Fizz Flavor Racing #34,SuperV8.xml
9247,Super V8 (Gen2 ZB),Super V8,Fizz Flavor Racing #35,SuperV8.xml
9247,Super V8 (Gen2 ZB),Super V8,GRNDWRK Racing #48,SuperV8.xml
9247,Super V8 (Gen2 ZB),Super V8,GRNDWRK Racing #49,SuperV8.xml
9247,Super V8 (Gen2 ZB),Super V8,Hudson Hire Racing #44,SuperV8.xml
9247,Super V8 (Gen2 ZB),Super V8,Hudson Hire Racing #45,SuperV8.xml
9247,Super V8 (Gen2 ZB),Super V8,Mobius Autosports #30,SuperV8.xml
9247,Super V8 (Gen2 ZB),Super V8,Mobius Autosports #31,SuperV8.xml
9247,Super V8 (Gen2 ZB),Super V8,Revenant Racing #32,SuperV8.xml
9247,Super V8 (Gen2 ZB),Super V8,Revenant Racing #33,SuperV8.xml
9247,Super V8 (Gen2 ZB),Super V8,Team Avalone #98,SuperV8.xml
9247,Super V8 (Gen2 ZB),Super V8,Team Avalone #99,SuperV8.xml
9247,Super V8 (Gen2 ZB),Super V8,Team eXtreme #00,SuperV8.xml
9247,Super V8 (Gen2 ZB),Super V8,Team eXtreme #01,SuperV8.xml
9247,Super V8 (Gen2 ZB),Super V8,Team eXtreme #17,SuperV8.xml
9247,Super V8 (Gen2 ZB),Super V8,Team eXtreme #18,SuperV8.xml
9247,Super V8 (Gen2 ZB),Super V8,Team Redlight #23,SuperV8.xml
9247,Super V8 (Gen2 ZB),Super V8,Team Redlight #24,SuperV8.xml
9247,Super V8 (Gen2 ZB),Super V8,Team Reiza #19,SuperV8.xml
9247,Super V8 (Gen2 ZB),Super V8,Team Reiza #20,SuperV8.xml
9248,Volkswagen Polo,TSI Cup,VW Polo #002,TSICup.xml
9248,Volkswagen Polo,TSI Cup,VW Polo #1,TSICup.xml
9248,Volkswagen Polo,TSI Cup,VW Polo #2,TSICup.xml
9248,Volkswagen Polo,TSI Cup,VW Polo #3,TSICup.xml
9248,Volkswagen Polo,TSI Cup,VW Polo #4,TSICup.xml
9249,Volkswagen Polo GTS,TSI Cup,VW Polo GTS #002,TSICup.xml
9249,Volkswagen Polo GTS,TSI Cup,VW Polo GTS #1,TSICup.xml
9249,Volkswagen Polo GTS,TSI Cup,VW Polo GTS #2,TSICup.xml
9249,Volkswagen Polo GTS,TSI Cup,VW Polo GTS #3,TSICup.xml
9249,Volkswagen Polo GTS,TSI Cup,VW Polo GTS #4,TSICup.xml
9249,Volkswagen Polo GTS,TSI Cup,VW Polo GTS #5,TSICup.xml
9249,Volkswagen Polo GTS,TSI Cup,VW Polo GTS #6,TSICup.xml
9250,Volkswagen Virtus,TSI Cup,VW Virtus #018,TSICup.xml
9250,Volkswagen Virtus,TSI Cup,VW Virtus #1,TSICup.xml
9250,Volkswagen Virtus,TSI Cup,VW Virtus #2,TSICup.xml
9250,Volkswagen Virtus,TSI Cup,VW Virtus #3,TSICup.xml
9250,Volkswagen Virtus,TSI Cup,VW Virtus #4,TSICup.xml
9251,Volkswagen Virtus GTS,TSI Cup,VW Virtus GTS #018,TSICup.xml
9251,Volkswagen Virtus GTS,TSI Cup,VW Virtus GTS #1,TSICup.xml
9251,Volkswagen Virtus GTS,TSI Cup,VW Virtus GTS #2,TSICup.xml
9251,Volkswagen Virtus GTS,TSI Cup,VW Virtus GTS #3,TSICup.xml
9251,Volkswagen Virtus GTS,TSI Cup,VW Virtus GTS #4,TSICup.xml
9251,Volkswagen Virtus GTS,TSI Cup,VW Virtus GTS #5,TSICup.xml
9251,Volkswagen Virtus GTS,TSI Cup,VW Virtus GTS #6,TSICup.xml
9252,BMW 2002 Turbo,Vintage Touring Cars Tier 1,BMW 2002 Turbo #18,TC60S.xml
9252,BMW 2002 Turbo,Vintage Touring Cars Tier 1,BMW 2002 Turbo #19,TC60S.xml
9252,BMW 2002 Turbo,Vintage Touring Cars Tier 1,BMW 2002 Turbo #20,TC60S.xml
9252,BMW 2002 Turbo,Vintage Touring Cars Tier 1,BMW 2002 Turbo #21,TC60S.xml
9252,BMW 2002 Turbo,Vintage Touring Cars Tier 1,BMW 2002 Turbo #22,TC60S.xml
9252,BMW 2002 Turbo,Vintage Touring Cars Tier 1,BMW 2002 Turbo #23,TC60S.xml
9252,BMW 2002 Turbo,Vintage Touring Cars Tier 1,BMW 2002 Turbo #24,TC60S.xml
9252,BMW 2002 Turbo,Vintage Touring Cars Tier 1,BMW 2002 Turbo #25,TC60S.xml
9252,BMW 2002 Turbo,Vintage Touring Cars Tier 1,BMW 2002 Turbo #26,TC60S.xml
9252,BMW 2002 Turbo,Vintage Touring Cars Tier 1,BMW 2002 Turbo #27,TC60S.xml
9252,BMW 2002 Turbo,Vintage Touring Cars Tier 1,BMW 2002 Turbo #28,TC60S.xml
9252,BMW 2002 Turbo,Vintage Touring Cars Tier 1,BMW 2002 Turbo #29,TC60S.xml
9252,BMW 2002 Turbo,Vintage Touring Cars Tier 1,BMW 2002 Turbo #30,TC60S.xml
9252,BMW 2002 Turbo,Vintage Touring Cars Tier 1,BMW 2002 Turbo #31,TC60S.xml
9252,BMW 2002 Turbo,Vintage Touring Cars Tier 1,BMW 2002 Turbo #32,TC60S.xml
9253,Chevrolet Corvette C3,Vintage Touring Cars Tier 1,Chevrolet Corvette C3 #35,TC60S.xml
9253,Chevrolet Corvette C3,Vintage Touring Cars Tier 1,Chevrolet Corvette C3 #36,TC60S.xml
9253,Chevrolet Corvette C3,Vintage Touring Cars Tier 1,Chevrolet Corvette C3 #37,TC60S.xml
9253,Chevrolet Corvette C3,Vintage Touring Cars Tier 1,Chevrolet Corvette C3 #38,TC60S.xml
9253,Chevrolet Corvette C3,Vintage Touring Cars Tier 1,Chevrolet Corvette C3 #39,TC60S.xml
9253,Chevrolet Corvette C3,Vintage Touring Cars Tier 1,Chevrolet Corvette C3 #40,TC60S.xml
9253,Chevrolet Corvette C3,Vintage Touring Cars Tier 1,Chevrolet Corvette C3 #41,TC60S.xml
9253,Chevrolet Corvette C3,Vintage Touring Cars Tier 1,Chevrolet Corvette C3 #42,TC60S.xml
9253,Chevrolet Corvette C3,Vintage Touring Cars Tier 1,Chevrolet Corvette C3 #43,TC60S.xml
9253,Chevrolet Corvette C3,Vintage Touring Cars Tier 1,Chevrolet Corvette C3 #44,TC60S.xml
9253,Chevrolet Corvette C3,Vintage Touring Cars Tier 1,Chevrolet Corvette C3 #45,TC60S.xml
9253,Chevrolet Corvette C3,Vintage Touring Cars Tier 1,Chevrolet Corvette C3 #46,TC60S.xml
9253,Chevrolet Corvette C3,Vintage Touring Cars Tier 1,Chevrolet Corvette C3 #47,TC60S.xml
9254,Lamborghini Miura SV,Vintage Touring Cars Tier 1,Arancio,TC60S.xml
9254,Lamborghini Miura SV,Vintage Touring Cars Tier 1,Bianco,TC60S.xml
9254,Lamborghini Miura SV,Vintage Touring Cars Tier 1,Blu,TC60S.xml
9254,Lamborghini Miura SV,Vintage Touring Cars Tier 1,Giallo,TC60S.xml
9254,Lamborghini Miura SV,Vintage Touring Cars Tier 1,Nero,TC60S.xml
9254,Lamborghini Miura SV,Vintage Touring Cars Tier 1,Oro,TC60S.xml
9254,Lamborghini Miura SV,Vintage Touring Cars Tier 1,Rosso,TC60S.xml
9254,Lamborghini Miura SV,Vintage Touring Cars Tier 1,Rosso Oro,TC60S.xml
9255,Lotus 23,Vintage Touring Cars Tier 2,Lotus 23 #47,TC60S2.xml
9255,Lotus 23,Vintage Touring Cars Tier 2,Lotus 23 #48,TC60S2.xml
9255,Lotus 23,Vintage Touring Cars Tier 2,Lotus 23 #50,TC60S2.xml
9255,Lotus 23,Vintage Touring Cars Tier 2,Lotus 23 #52,TC60S2.xml
9256,MINI Cooper S,Vintage Touring Cars Tier 2,MINI Cooper S #10,TC60S2.xml
9256,MINI Cooper S,Vintage Touring Cars Tier 2,MINI Cooper S #11,TC60S2.xml
9256,MINI Cooper S,Vintage Touring Cars Tier 2,MINI Cooper S #12,TC60S2.xml
9256,MINI Cooper S,Vintage Touring Cars Tier 2,MINI Cooper S #13,TC60S2.xml
9256,MINI Cooper S,Vintage Touring Cars Tier 2,MINI Cooper S #14,TC60S2.xml
9256,MINI Cooper S,Vintage Touring Cars Tier 2,MINI Cooper S #15,TC60S2.xml
9256,MINI Cooper S,Vintage Touring Cars Tier 2,MINI Cooper S #16,TC60S2.xml
9256,MINI Cooper S,Vintage Touring Cars Tier 2,MINI Cooper S #17,TC60S2.xml
9256,MINI Cooper S,Vintage Touring Cars Tier 2,MINI Cooper S #2,TC60S2.xml
9256,MINI Cooper S,Vintage Touring Cars Tier 2,MINI Cooper S #3,TC60S2.xml
9256,MINI Cooper S,Vintage Touring Cars Tier 2,MINI Cooper S #4,TC60S2.xml
9256,MINI Cooper S,Vintage Touring Cars Tier 2,MINI Cooper S #5,TC60S2.xml
9256,MINI Cooper S,Vintage Touring Cars Tier 2,MINI Cooper S #6,TC60S2.xml
9256,MINI Cooper S,Vintage Touring Cars Tier 2,MINI Cooper S #7,TC60S2.xml
9256,MINI Cooper S,Vintage Touring Cars Tier 2,MINI Cooper S #8,TC60S2.xml
9256,MINI Cooper S,Vintage Touring Cars Tier 2,MINI Cooper S #9,TC60S2.xml
9257,Ligier JS P217,LMP2 Gen 1,Ligier JS P217 #10,LMP2_Gen1.xml
9257,Ligier JS P217,LMP2 Gen 1,Ligier JS P217 #31,LMP2_Gen1.xml
9257,Ligier JS P217,LMP2 Gen 1,Ligier JS P217 #45,LMP2_Gen1.xml
9257,Ligier JS P217,LMP2 Gen 1,Ligier JS P217 #85,LMP2_Gen1.xml
9258,Oreca 07,LMP2 Gen 1,Oreca 07 #15,LMP2_Gen1.xml
9258,Oreca 07,LMP2 Gen 1,Oreca 07 #22,LMP2_Gen1.xml
9258,Oreca 07,LMP2 Gen 1,Oreca 07 #35,LMP2_Gen1.xml
9258,Oreca 07,LMP2 Gen 1,Oreca 07 #47,LMP2_Gen1.xml
9258,Oreca 07,LMP2 Gen 1,Oreca 07 #50,LMP2_Gen1.xml
9258,Oreca 07,LMP2 Gen 1,Oreca 07 #62,LMP2_Gen1.xml
9259,Aussie Racing Camaro,ARC,Apex Motorsports #08,ARC_Cam.xml
9259,Aussie Racing Camaro,ARC,Apex Motorsports #09,ARC_Cam.xml
9259,Aussie Racing Camaro,ARC,Bebeto Tyres #41,ARC_Cam.xml
9259,Aussie Racing Camaro,ARC,Bebeto Tyres #42,ARC_Cam.xml
9259,Aussie Racing Camaro,ARC,Brookfield Motorsports #72,ARC_Cam.xml
9259,Aussie Racing Camaro,ARC,Brookfield Motorsports #73,ARC_Cam.xml
9259,Aussie Racing Camaro,ARC,Dev Star Racing #11,ARC_Cam.xml
9259,Aussie Racing Camaro,ARC,Dev Star Racing #12,ARC_Cam.xml
9259,Aussie Racing Camaro,ARC,Eagle Ray Motorsport #51,ARC_Cam.xml
9259,Aussie Racing Camaro,ARC,Eagle Ray Motorsport #52,ARC_Cam.xml
9259,Aussie Racing Camaro,ARC,Leo Panthera Autosports #1,ARC_Cam.xml
9259,Aussie Racing Camaro,ARC,Leo Panthera Autosports #2,ARC_Cam.xml
9259,Aussie Racing Camaro,ARC,Mobius Autosports #98,ARC_Cam.xml
9259,Aussie Racing Camaro,ARC,Mobius Autosports #99,ARC_Cam.xml
9259,Aussie Racing Camaro,ARC,Reiza Racing #13,ARC_Cam.xml
9259,Aussie Racing Camaro,ARC,Reiza Racing #14,ARC_Cam.xml
9259,Aussie Racing Camaro,ARC,Team Hudson Hire Racing #3,ARC_Cam.xml
9259,Aussie Racing Camaro,ARC,Team Hudson Hire Racing #4,ARC_Cam.xml
9259,Aussie Racing Camaro,ARC,Team Racer Rubber #22,ARC_Cam.xml
9259,Aussie Racing Camaro,ARC,Team Racer Rubber #23,ARC_Cam.xml
9259,Aussie Racing Camaro,ARC,Team Redlight #36,ARC_Cam.xml
9259,Aussie Racing Camaro,ARC,Team Redlight #37,ARC_Cam.xml
9260,Formula Edge Model1,Formula Edge,EuroTech Racing #11,FE-G1.xml
9260,Formula Edge Model1,Formula Edge,EuroTech Racing #12,FE-G1.xml
9260,Formula Edge Model1,Formula Edge,Scuderia Forza #27,FE-G1.xml
9260,Formula Edge Model1,Formula Edge,Scuderia Forza #28,FE-G1.xml
9261,Formula Edge Model2,Formula Edge,Didcot Racing #5,FE-G1.xml
9261,Formula Edge Model2,Formula Edge,Didcot Racing #6,FE-G1.xml
9261,Formula Edge Model2,Formula Edge,Lione G.P. #25,FE-G1.xml
9261,Formula Edge Model2,Formula Edge,Lione G.P. #26,FE-G1.xml
9261,Formula Edge Model2,Formula Edge,McLean G.P. #7,FE-G1.xml
9261,Formula Edge Model2,Formula Edge,McLean G.P. #8,FE-G1.xml
9261,Formula Edge Model2,Formula Edge,Paddy G.P. #14,FE-G1.xml
9261,Formula Edge Model2,Formula Edge,Paddy G.P. #15,FE-G1.xml
9261,Formula Edge Model2,Formula Edge,Surrey Racing #3,FE-G1.xml
9261,Formula Edge Model2,Formula Edge,Surrey Racing #4,FE-G1.xml
9261,Formula Edge Model2,Formula Edge,United Racing #1,FE-G1.xml
9261,Formula Edge Model2,Formula Edge,United Racing #2,FE-G1.xml
9262,Formula Edge Model3,Formula Edge,Bolt-Work G.P. #10,FE-G1.xml
9262,Formula Edge Model3,Formula Edge,Bolt-Work G.P. #9,FE-G1.xml
9262,Formula Edge Model3,Formula Edge,Fortelli #21,FE-G1.xml
9262,Formula Edge Model3,Formula Edge,Fortelli #22,FE-G1.xml
9262,Formula Edge Model3,Formula Edge,Scuderia Faenza Girardi #23,FE-G1.xml
9262,Formula Edge Model3,Formula Edge,Scuderia Faenza Girardi #24,FE-G1.xml
9262,Formula Edge Model3,Formula Edge,Team Hornsey #16,FE-G1.xml
9262,Formula Edge Model3,Formula Edge,Team Hornsey #17,FE-G1.xml
9262,Formula Edge Model3,Formula Edge,Zir-Win Motorsport #29,FE-G1.xml
9262,Formula Edge Model3,Formula Edge,Zir-Win Motorsport #30,FE-G1.xml
9263,F-V8 Gen 1 B,F-V8 Gen 1,Didcot Racing #10,F-V8_Gen1.xml
9263,F-V8 Gen 1 B,F-V8 Gen 1,Didcot Racing #9,F-V8_Gen1.xml
9263,F-V8 Gen 1 B,F-V8 Gen 1,FMR Racing #18,F-V8_Gen1.xml
9263,F-V8 Gen 1 B,F-V8 Gen 1,FMR Racing #19,F-V8_Gen1.xml
9263,F-V8 Gen 1 B,F-V8 Gen 1,Scuderia Forza #5,F-V8_Gen1.xml
9263,F-V8 Gen 1 B,F-V8 Gen 1,Scuderia Forza #6,F-V8_Gen1.xml
9263,F-V8 Gen 1 B,F-V8 Gen 1,Team Agiro #22,F-V8_Gen1.xml
9263,F-V8 Gen 1 B,F-V8 Gen 1,Team Agiro #23,F-V8_Gen1.xml
9263,F-V8 Gen 1 B,F-V8 Gen 1,TECH-J #7,F-V8_Gen1.xml
9263,F-V8 Gen 1 B,F-V8 Gen 1,TECH-J #8,F-V8_Gen1.xml
9264,F-V8 Gen 1 M,F-V8 Gen 1,Deutsch Zir-Win Motorsport #16,F-V8_Gen1.xml
9264,F-V8 Gen 1 M,F-V8 Gen 1,Deutsch Zir-Win Motorsport #17,F-V8_Gen1.xml
9264,F-V8 Gen 1 M,F-V8 Gen 1,energyX Faenza #20,F-V8_Gen1.xml
9264,F-V8 Gen 1 M,F-V8 Gen 1,energyX Faenza #21,F-V8_Gen1.xml
9264,F-V8 Gen 1 M,F-V8 Gen 1,energyX Racing #14,F-V8_Gen1.xml
9264,F-V8 Gen 1 M,F-V8 Gen 1,energyX Racing #15,F-V8_Gen1.xml
9264,F-V8 Gen 1 M,F-V8 Gen 1,Hoshino #11,F-V8_Gen1.xml
9264,F-V8 Gen 1 M,F-V8 Gen 1,Hoshino #12,F-V8_Gen1.xml
9264,F-V8 Gen 1 M,F-V8 Gen 1,McLean G.P. #3,F-V8_Gen1.xml
9264,F-V8 Gen 1 M,F-V8 Gen 1,McLean G.P. #4,F-V8_Gen1.xml
9265,F-V8 Gen 1 R26,F-V8 Gen 1,Renault R26 #1,F-V8_Gen1.xml
9265,F-V8 Gen 1 R26,F-V8 Gen 1,Renault R26 #2,F-V8_Gen1.xml
9266,F-V8 Gen 2,F-V8 Gen 2,Cobra Force G.P. #20,F-V8_Gen2.xml
9266,F-V8 Gen 2,F-V8 Gen 2,Cobra Force G.P. #21,F-V8_Gen2.xml
9266,F-V8 Gen 2,F-V8 Gen 2,Deutsch Zir-Win Motorsport #3,F-V8_Gen2.xml
9266,F-V8 Gen 2,F-V8 Gen 2,Deutsch Zir-Win Motorsport #4,F-V8_Gen2.xml
9266,F-V8 Gen 2,F-V8 Gen 2,Didcot Racing #7,F-V8_Gen2.xml
9266,F-V8 Gen 2,F-V8 Gen 2,Didcot Racing #8,F-V8_Gen2.xml
9266,F-V8 Gen 2,F-V8 Gen 2,energyX Faenza #14,F-V8_Gen2.xml
9266,F-V8 Gen 2,F-V8 Gen 2,energyX Faenza #15,F-V8_Gen2.xml
9266,F-V8 Gen 2,F-V8 Gen 2,energyX Racing #10,F-V8_Gen2.xml
9266,F-V8 Gen 2,F-V8 Gen 2,energyX Racing #9,F-V8_Gen2.xml
9266,F-V8 Gen 2,F-V8 Gen 2,Hoshino #16,F-V8_Gen2.xml
9266,F-V8 Gen 2,F-V8 Gen 2,Hoshino #17,F-V8_Gen2.xml
9266,F-V8 Gen 2,F-V8 Gen 2,Scuderia Forza #1,F-V8_Gen2.xml
9266,F-V8 Gen 2,F-V8 Gen 2,Scuderia Forza #2,F-V8_Gen2.xml
9266,F-V8 Gen 2,F-V8 Gen 2,Team Agiro #18,F-V8_Gen2.xml
9266,F-V8 Gen 2,F-V8 Gen 2,Team Agiro #19,F-V8_Gen2.xml
9266,F-V8 Gen 2,F-V8 Gen 2,TECH-J #11,F-V8_Gen2.xml
9266,F-V8 Gen 2,F-V8 Gen 2,TECH-J #12,F-V8_Gen2.xml
9267,F-V8 Gen 2 R28,F-V8 Gen 2,Renault R28 #5,F-V8_Gen2.xml
9267,F-V8 Gen 2 R28,F-V8 Gen 2,Renault R28 #6,F-V8_Gen2.xml
9268,F-V10 Gen 3 B,Formula V10 Gen 3,Paddy G.P. #18,F-V10_Gen3.xml
9268,F-V10 Gen 3 B,Formula V10 Gen 3,Paddy G.P. #19,F-V10_Gen3.xml
9268,F-V10 Gen 3 B,Formula V10 Gen 3,Scuderia Faenza Girardi #20,F-V10_Gen3.xml
9268,F-V10 Gen 3 B,Formula V10 Gen 3,Scuderia Faenza Girardi #21,F-V10_Gen3.xml
9268,F-V10 Gen 3 B,Formula V10 Gen 3,Scuderia Forza #1,F-V10_Gen3.xml
9268,F-V10 Gen 3 B,Formula V10 Gen 3,Scuderia Forza #2,F-V10_Gen3.xml
9269,F-V10 Gen 3 M,Formula V10 Gen 3,Didcot Racing #7,F-V10_Gen3.xml
9269,F-V10 Gen 3 M,Formula V10 Gen 3,Didcot Racing #8,F-V10_Gen3.xml
9269,F-V10 Gen 3 M,Formula V10 Gen 3,energyX Racing #14,F-V10_Gen3.xml
9269,F-V10 Gen 3 M,Formula V10 Gen 3,energyX Racing #15,F-V10_Gen3.xml
9269,F-V10 Gen 3 M,Formula V10 Gen 3,TAB Racing #3,F-V10_Gen3.xml
9269,F-V10 Gen 3 M,Formula V10 Gen 3,TAB Racing #4,F-V10_Gen3.xml
9269,F-V10 Gen 3 M,Formula V10 Gen 3,TECH-J Racing #16,F-V10_Gen3.xml
9269,F-V10 Gen 3 M,Formula V10 Gen 3,TECH-J Racing #17,F-V10_Gen3.xml
9269,F-V10 Gen 3 M,Formula V10 Gen 3,Zir-Win Motorsport #11,F-V10_Gen3.xml
9269,F-V10 Gen 3 M,Formula V10 Gen 3,Zir-Win Motorsport #12,F-V10_Gen3.xml
9270,Renault R25,Formula V10 Gen 3,Renault R25 #5,F-V10_Gen3.xml
9270,Renault R25,Formula V10 Gen 3,Renault R25 #6,F-V10_Gen3.xml
